2811 26/07/16| 10,13,16,24,27,37| 2
2810 23/07/16| 1,9,15,20,23,28| 4
2809 19/07/16| 5,10,13,17,25,36| 3
2808 16/07/16| 4,6,15,24,31,37| 4
2807 12/07/16| 6,14,18,26,29,36| 7
2806 09/07/16| 1,2,5,16,24,34| 7
2805 05/07/16| 7,12,18,22,32,36| 3
2804 02/07/16| 3,7,10,21,33,35| 2
2803 28/06/16| 11,12,18,19,32,37| 4
2802 25/06/16| 2,12,21,23,28,31| 6
2801 21/06/16| 7,11,19,25,28,37| 4
2800 18/06/16| 12,14,16,29,32,37| 5
2799 14/06/16| 5,6,9,12,26,34| 4
2798 12/06/16| 1,20,23,24,26,32| 7
2797 07/06/16| 8,9,21,22,26,37| 6
2796 04/06/16| 5,8,17,31,32,37| 7
2795 31/05/16| 1,5,7,18,25,36| 1
2794 28/05/16| 4,6,14,22,28,29| 4
2793 24/05/16| 8,12,15,24,28,33| 5
2792 21/05/16| 3,5,6,13,26,29| 1
2791 17/05/16| 2,4,14,19,20,33| 1
2790 14/05/16| 13,17,20,26,35,37| 2
2789 10/05/16| 5,6,10,20,26,29| 3
2788 07/05/16| 1,9,20,25,27,31| 4
2787 03/05/16| 5,22,25,33,35,36| 1
2786 01/05/16| 2,6,8,14,29,34| 3
2785 26/04/16| 12,13,20,25,27,30| 6
2784 23/04/16| 2,5,6,14,22,32| 3
2783 19/04/16| 3,7,12,22,27,36| 2
2782 16/04/16| 7,13,19,32,35,37| 6
2781 12/04/16| 2,7,10,18,24,26| 5
2780 09/04/16| 5,8,11,20,29,36| 4
2779 05/04/16| 4,8,16,20,21,36| 3
2778 02/04/16| 3,15,26,28,32,33| 4
2777 29/03/16| 1,10,11,13,18,25| 7
2776 26/03/16| 6,10,14,15,26,36| 3
2775 22/03/16| 9,16,22,27,31,32| 6
2774 19/03/16| 6,9,17,26,27,36| 6
2773 15/03/16| 7,15,17,18,20,32| 5
2772 12/03/16| 1,5,14,21,27,30| 7
2771 08/03/16| 5,19,23,25,30,31| 3
2770 05/03/16| 1,2,7,8,9,26| 2
2769 01/03/16| 7,15,17,19,27,30| 4
2768 27/02/16| 3,18,19,22,24,26| 7
2767 23/02/16| 6,10,25,31,35,37| 4
2766 20/02/16| 2,5,21,29,34,37| 3
2765 16/02/16| 8,14,16,20,24,30| 1
2764 13/02/16| 2,13,14,19,21,30| 1
2763 09/02/16| 2,10,14,15,21,29| 2
2762 06/02/16| 1,4,11,19,30,32| 4
2761 02/02/16| 1,13,19,22,34,35| 6
2760 30/01/16| 8,9,11,12,13,22| 4
2759 26/01/16| 17,18,25,28,30,34| 5
2758 23/01/16| 5,16,18,23,24,26| 6
2757 19/01/16| 6,19,24,25,26,37| 7
2756 16/01/16| 1,8,13,27,32,37| 2
2755 12/01/16| 1,4,5,16,21,29| 1
2754 09/01/16| 3,12,14,24,32,34| 6
2753 05/01/16| 3,15,17,20,21,37| 1
2752 02/01/16| 1,13,15,30,31,32| 2
2751 29/12/15| 4,7,13,16,17,27| 6
2750 26/12/15| 14,21,27,31,32,35| 5
2749 22/12/15| 2,11,13,17,25,27| 5
2748 19/12/15| 1,11,13,25,27,29| 7
2747 15/12/15| 3,6,9,10,17,36| 5
2746 12/12/15| 4,9,10,12,13,29| 4
2745 08/12/15| 6,10,15,18,27,34| 6
2744 05/12/15| 4,17,18,23,25,28| 2
2743 01/12/15| 2,9,18,23,29,33| 5
2742 28/11/15| 7,19,27,29,34,35| 7
2741 24/11/15| 6,8,21,25,30,35| 6
2740 21/11/15| 7,9,14,21,26,34| 5
2739 17/11/15| 3,5,6,19,23,35| 3
2738 14/11/15| 10,17,18,22,24,29| 1
2737 10/11/15| 3,4,10,11,30,32| 5
2736 07/11/15| 18,19,29,34,35,36| 1
2735 03/11/15| 10,12,19,25,26,36| 2
2734 31/10/15| 14,20,22,26,31,37| 5
2733 27/10/15| 2,20,26,27,28,30| 1
2732 24/10/15| 9,13,15,20,25,36| 6
2731 20/10/15| 1,6,9,10,12,17| 3
2730 17/10/15| 2,3,13,21,22,31| 6
2729 13/10/15| 1,6,15,17,20,32| 6
2728 10/10/15| 5,6,16,17,20,22| 7
2727 06/10/15| 2,8,12,14,17,21| 4
2726 03/10/15| 9,17,23,28,30,36| 7
2725 29/09/15| 12,15,18,20,23,29| 6
2724 26/09/15| 5,6,8,11,20,27| 7
2723 21/09/15| 5,12,13,33,35,36| 1
2722 19/09/15| 1,8,11,23,30,35| 6
2721 16/09/15| 11,14,18,20,22,33| 7
2720 12/09/15| 6,9,15,23,24,28| 4
2719 08/09/15| 19,21,22,24,30,37| 5
2718 05/09/15| 5,6,10,15,28,29| 7
2717 01/09/15| 10,18,22,27,31,35| 1
2716 29/08/15| 5,7,8,15,19,26| 3
2715 25/08/15| 1,8,11,17,25,30| 6
2714 22/08/15| 16,17,18,20,28,35| 3
2713 18/08/15| 4,7,12,14,17,34| 4
2712 15/08/15| 3,7,14,24,27,28| 2
2711 11/08/15| 5,8,16,21,34,35| 3
2710 08/08/15| 2,6,17,29,31,35| 3
2709 04/08/15| 13,21,22,26,29,34| 3
2708 01/08/15| 5,7,9,17,19,29| 3
2707 28/07/15| 24,27,30,34,35,37| 5
2706 26/07/15| 7,9,16,23,29,30| 3
2705 21/07/15| 16,21,27,28,32,37| 7
2704 18/07/15| 2,3,11,18,25,27| 5
2703 14/07/15| 2,16,21,26,33,34| 2
2702 11/07/15| 5,15,22,23,25,29| 6
2701 07/07/15| 1,6,9,13,23,35| 2
2700 04/07/15| 2,14,22,23,25,28| 5
2699 30/06/15| 11,13,20,29,30,37| 7
2698 27/06/15| 2,6,13,16,27,33| 3
2697 23/06/15| 8,11,18,21,24,30| 4
2696 20/06/15| 3,5,7,13,17,28| 4
2695 16/06/15| 17,18,20,21,26,32| 3
2694 13/06/15| 3,4,14,18,32,35| 2
2693 09/06/15| 3,8,10,12,28,37| 5
2692 06/06/15| 4,6,8,18,27,37| 4
2691 02/06/15| 4,17,18,24,27,36| 2
2690 30/05/15| 6,8,11,23,32,35| 4
2689 26/05/15| 2,5,10,12,18,26| 4
2688 24/05/15| 4,11,18,22,29,31| 4
2687 19/05/15| 15,18,22,23,26,34| 6
2686 16/05/15| 6,8,18,22,29,37| 1
2685 12/05/15| 1,13,23,24,30,31| 7
2684 09/05/15| 5,16,22,23,24,33| 1
2683 05/05/15| 6,10,12,15,27,33| 1
2682 02/05/15| 1,3,8,12,19,30| 1
2681 28/04/15| 6,9,18,23,26,33| 2
2680 25/04/15| 1,15,17,31,32,34| 2
2679 21/04/15| 1,11,13,15,18,25| 6
2678 18/04/15| 11,12,18,24,31,33| 6
2677 14/04/15| 1,2,4,9,12,16| 4
2676 12/04/15| 2,9,11,13,29,33| 3
2675 07/04/15| 11,12,15,22,23,29| 7
2674 04/04/15| 7,32,33,34,35,36| 2
2673 31/03/15| 5,13,16,18,23,26| 1
2672 28/03/15| 5,13,21,22,25,28| 1
2671 24/03/15| 2,3,5,10,26,27| 2
2670 21/03/15| 11,15,17,27,33,37| 5
2669 17/03/15| 11,15,22,29,35,37| 4
2668 14/03/15| 14,15,18,22,23,29| 1
2667 10/03/15| 6,10,15,19,36,37| 3
2666 07/03/15| 3,14,15,19,26,33| 6
2665 03/03/15| 2,10,11,13,22,37| 4
2664 28/02/15| 11,13,22,29,31,33| 1
2663 24/02/15| 10,16,22,30,35,36| 2
2662 21/02/15| 4,14,16,22,28,33| 4
2661 17/02/15| 3,13,14,18,28,30| 2
2660 14/02/15| 8,11,13,20,22,25| 5
2659 10/02/15| 1,6,10,22,24,26| 3
2658 07/02/15| 8,12,17,21,27,30| 1
2657 03/02/15| 8,12,21,24,25,27| 1
2656 31/01/15| 1,10,16,28,29,32| 5
2655 27/01/15| 4,6,13,19,33,35| 6
2654 24/01/15| 4,11,19,28,31,34| 4
2653 20/01/15| 11,24,30,34,35,37| 7
2652 17/01/15| 1,7,11,17,36,37| 2
2651 13/01/15| 4,8,17,20,25,30| 1
2650 10/01/15| 3,8,10,15,30,33| 4
2649 06/01/15| 4,13,22,25,28,30| 5
2648 03/01/15| 9,20,22,23,29,31| 2
2647 30/12/14| 1,2,5,12,34,35| 4
2646 27/12/14| 4,5,18,20,28,36| 4
2645 23/12/14| 7,9,20,24,28,35| 5
2644 20/12/14| 6,12,25,27,30,37| 5
2643 16/12/14| 9,12,25,29,34,36| 5
2642 13/12/14| 2,9,27,29,32,36| 1
2641 09/12/14| 5,7,10,15,22,35| 5
2640 06/12/14| 3,20,28,31,33,37| 5
2639 02/12/14| 1,2,9,11,15,21| 2
2638 29/11/14| 2,10,14,17,28,34| 2
2637 25/11/14| 2,9,13,16,28,29| 1
2636 22/11/14| 4,6,10,11,14,25| 7
2635 18/11/14| 1,3,29,30,33,35| 2
2634 15/11/14| 4,8,9,23,25,31| 4
2633 11/11/14| 3,11,18,25,33,36| 7
2632 08/11/14| 7,16,18,21,23,36| 6
2631 04/11/14| 2,19,28,29,34,36| 6
2630 01/11/14| 1,2,5,15,27,31| 4
2629 28/10/14| 12,15,20,30,33,37| 3
2628 25/10/14| 2,5,6,10,19,29| 5
2627 21/10/14| 5,7,9,11,24,29| 1
2626 18/10/14| 9,10,11,12,21,32| 5
2625 14/10/14| 5,10,17,23,32,36| 6
2624 11/10/14| 2,6,11,16,27,34| 3
2623 07/10/14| 8,10,15,23,26,34| 1
2622 05/10/14| 1,9,10,21,26,37| 3
2621 30/09/14| 8,13,17,18,34,36| 1
2620 28/09/14| 13,17,19,26,30,36| 5
2619 23/09/14| 7,9,10,34,35,36| 7
2618 20/09/14| 7,19,20,25,31,34| 3
2617 16/09/14| 3,8,11,19,26,35| 2
2616 13/09/14| 1,4,12,18,31,37| 3
2615 09/09/14| 2,12,14,27,29,32| 5
2614 06/09/14| 3,15,24,25,26,35| 2
2613 02/09/14| 6,10,18,27,35,36| 6
2612 30/08/14| 2,9,28,31,32,35| 6
2611 26/08/14| 2,7,10,23,26,35| 6
2610 23/08/14| 5,15,20,25,27,32| 4
2609 19/08/14| 4,16,30,32,34,36| 4
2608 16/08/14| 2,5,7,16,22,37| 4
2607 12/08/14| 3,15,21,28,30,32| 4
2606 09/08/14| 4,11,13,20,32,35| 2
2605 05/08/14| 5,9,21,23,28,33| 7
2604 02/08/14| 6,13,14,21,23,26| 6
2603 29/07/14| 3,5,8,16,17,20| 2
2602 26/07/14| 2,3,28,30,33,35| 5
2601 22/07/14| 2,10,12,23,30,33| 5
2600 19/07/14| 4,11,27,32,34,37| 4
2599 15/07/14| 7,14,20,27,29,31| 5
2598 12/07/14| 4,11,12,13,20,27| 2
2597 08/07/14| 2,5,18,19,20,31| 1
2596 05/07/14| 1,10,17,21,22,31| 4
2595 01/07/14| 5,13,17,26,29,33| 5
2594 28/06/14| 1,2,6,19,29,33| 7
2593 24/06/14| 7,8,15,30,33,34| 6
2592 21/06/14| 8,11,22,33,34,35| 6
2591 17/06/14| 7,8,15,18,29,34| 4
2590 14/06/14| 13,15,24,25,30,32| 5
2589 10/06/14| 6,8,9,25,29,37| 3
2588 07/06/14| 4,9,10,14,19,35| 2
2587 04/06/14| 11,17,19,31,36,37| 1
2586 31/05/14| 5,11,12,13,15,22| 7
2585 27/05/14| 3,4,6,18,26,29| 3
2584 24/05/14| 5,10,19,25,32,35| 7
2583 20/05/14| 2,6,12,26,30,35| 3
2582 17/05/14| 1,3,11,16,20,35| 2
2581 13/05/14| 3,11,17,20,31,32| 6
2580 10/05/14| 1,2,3,4,7,25| 2
2579 07/05/14| 6,8,9,17,29,30| 4
2578 03/05/14| 20,22,28,31,35,36| 3
2577 29/04/14| 3,5,9,14,22,23| 7
2576 26/04/14| 2,4,13,16,29,34| 1
2575 22/04/14| 1,3,5,16,26,30| 5
2574 19/04/14| 2,3,20,31,35,37| 7
2573 16/04/14| 4,9,23,28,34,36| 5
2572 12/04/14| 11,16,19,24,27,35| 3
2571 08/04/14| 10,21,28,30,31,35| 6
2570 05/04/14| 2,12,18,28,33,34| 1
2569 01/04/14| 15,17,23,25,30,35| 2
2568 29/03/14| 4,13,24,25,32,34| 2
2567 25/03/14| 3,6,16,28,32,33| 2
2566 22/03/14| 3,4,23,26,31,35| 3
2565 18/03/14| 4,9,12,14,17,29| 2
2564 15/03/14| 7,17,24,29,36,37| 7
2563 11/03/14| 1,3,6,9,34,37| 3
2562 08/03/14| 17,21,23,24,26,35| 2
2561 04/03/14| 3,6,17,23,27,32| 6
2560 01/03/14| 4,8,9,22,29,33| 6
2559 25/02/14| 5,6,11,21,22,28| 2
2558 22/02/14| 3,8,23,26,28,29| 6
2557 18/02/14| 3,7,14,21,27,37| 6
2556 15/02/14| 1,6,10,16,21,22| 4
2555 11/02/14| 2,5,18,20,23,29| 3
2554 08/02/14| 16,22,26,29,36,37| 3
2553 04/02/14| 1,2,4,28,29,31| 5
2552 01/02/14| 1,5,12,22,24,27| 6
2551 28/01/14| 20,24,26,28,32,33| 6
2550 25/01/14| 13,15,26,28,29,36| 2
2549 21/01/14| 18,22,30,34,35,37| 7
2548 18/01/14| 1,11,15,16,23,32| 5
2547 14/01/14| 2,8,10,13,35,37| 5
2546 11/01/14| 1,3,4,22,28,36| 2
2545 07/01/14| 12,13,18,31,32,36| 7
2544 04/01/14| 7,9,13,18,21,22| 4
2543 31/12/13| 7,9,10,22,24,33| 4
2542 28/12/13| 4,14,16,21,33,36| 3
2541 24/12/13| 9,18,25,30,33,37| 5
2540 21/12/13| 5,20,21,26,30,35| 1
2539 17/12/13| 13,15,17,24,26,27| 3
2538 14/12/13| 5,11,25,26,29,36| 3
2537 10/12/13| 1,8,12,19,26,27| 3
2536 07/12/13| 1,3,11,13,21,28| 7
2535 03/12/13| 2,10,16,26,27,30| 4
2534 30/11/13| 11,21,29,33,35,37| 4
2533 26/11/13| 11,14,19,21,26,33| 7
2532 23/11/13| 1,9,17,29,30,37| 5
2531 19/11/13| 4,6,10,17,28,32| 4
2530 16/11/13| 7,19,22,28,30,33| 4
2529 12/11/13| 14,22,24,33,35,36| 7
2528 09/11/13| 3,4,24,27,31,36| 2
2527 05/11/13| 1,10,12,19,35,36| 6
2526 02/11/13| 2,8,12,19,26,27| 6
2525 29/10/13| 1,7,10,21,28,30| 1
2524 26/10/13| 1,2,7,12,29,33| 3
2523 22/10/13| 11,17,21,23,26,27| 3
2522 19/10/13| 6,13,15,22,23,37| 6
2521 15/10/13| 5,8,10,20,34,37| 2
2520 12/10/13| 3,8,16,19,25,27| 1
2519 08/10/13| 3,7,13,17,18,28| 7
2518 05/10/13| 2,4,12,27,34,37| 2
2517 01/10/13| 10,11,19,21,23,29| 4
2516 28/09/13| 3,9,14,20,34,35| 2
2515 24/09/13| 11,21,22,23,28,37| 5
2514 21/09/13| 3,8,17,19,24,33| 6
2513 17/09/13| 17,20,26,28,30,33| 4
2512 15/09/13| 1,3,4,6,12,13| 4
2511 10/09/13| 3,13,24,27,33,35| 3
2510 08/09/13| 2,6,16,28,35,37| 7
2509 03/09/13| 8,14,27,29,33,37| 6
2508 31/08/13| 7,12,16,22,24,25| 3
2507 27/08/13| 4,16,17,19,30,34| 5
2506 24/08/13| 6,10,11,15,19,24| 5
2505 20/08/13| 8,13,16,17,29,37| 6
2504 17/08/13| 5,9,17,19,33,35| 7
2503 13/08/13| 1,5,14,19,26,28| 4
2502 10/08/13| 1,3,18,19,35,37| 6
2501 06/08/13| 2,3,4,27,30,32| 6
2500 03/08/13| 5,8,9,17,24,32| 5
2499 30/07/13| 13,14,26,29,31,35| 1
2498 27/07/13| 8,9,11,16,31,34| 4
2497 23/07/13| 8,13,23,26,27,29| 3
2496 20/07/13| 3,7,8,24,34,36| 2
2495 16/07/13| 4,11,12,15,30,33| 1
2494 13/07/13| 12,18,19,28,29,34| 7
2493 09/07/13| 7,16,19,21,31,36| 3
2492 06/07/13| 4,19,27,30,31,35| 5
2491 02/07/13| 4,10,15,24,28,29| 5
2490 29/06/13| 8,10,17,18,35,37| 1
2489 25/06/13| 4,21,22,23,27,35| 5
2488 22/06/13| 3,6,7,10,16,30| 4
2487 18/06/13| 3,9,10,22,28,33| 7
2486 15/06/13| 11,15,21,29,31,36| 3
2485 11/06/13| 3,21,25,26,36,37| 1
2484 08/06/13| 4,6,17,19,21,36| 3
2483 04/06/13| 13,17,21,27,29,31| 4
2482 01/06/13| 12,19,21,23,26,35| 5
2481 28/05/13| 2,11,16,18,26,36| 4
2480 25/05/13| 3,9,21,26,29,37| 1
2479 21/05/13| 8,10,14,17,20,34| 1
2478 18/05/13| 2,4,24,25,32,34| 1
2477 15/05/13| 3,7,15,19,24,33| 4
2476 11/05/13| 7,20,26,33,34,35| 3
2475 07/05/13| 10,19,20,24,28,33| 3
2474 04/05/13| 1,4,6,9,25,35| 1
2473 30/04/13| 1,2,3,10,16,29| 6
2472 27/04/13| 12,13,28,33,35,37| 5
2471 23/04/13| 2,7,12,19,27,37| 6
2470 20/04/13| 18,20,25,27,32,36| 1
2469 17/04/13| 1,26,28,32,33,35| 5
2468 13/04/13| 1,11,15,24,27,34| 5
2467 09/04/13| 11,20,21,22,25,36| 7
2466 06/04/13| 8,12,13,27,28,34| 7
2465 02/04/13| 1,8,12,19,30,35| 4
2464 30/03/13| 8,10,12,15,19,30| 5
2463 27/03/13| 3,4,7,21,33,37| 2
2462 23/03/13| 6,12,13,24,27,29| 4
2461 19/03/13| 1,8,9,18,19,20| 4
2460 16/03/13| 17,25,29,30,33,37| 2
2459 12/03/13| 2,14,27,28,32,34| 7
2458 09/03/13| 7,9,13,14,30,33| 1
2457 05/03/13| 5,13,19,22,28,33| 2
2456 02/03/13| 3,4,26,30,34,37| 4
2455 26/02/13| 3,9,13,17,25,37| 1
2454 23/02/13| 13,16,24,31,35,36| 5
2453 19/02/13| 4,23,25,30,32,35| 3
2452 16/02/13| 6,8,14,20,25,29| 6
2451 12/02/13| 1,15,17,21,34,37| 3
2450 09/02/13| 4,20,21,26,35,37| 1
2449 05/02/13| 3,5,10,17,30,32| 1
2448 02/02/13| 1,9,11,20,25,27| 3
2447 29/01/13| 9,16,18,30,32,33| 7
2446 26/01/13| 6,9,13,17,29,34| 6
2445 22/01/13| 1,6,14,20,29,36| 2
2444 19/01/13| 10,12,26,27,31,36| 3
2443 15/01/13| 5,13,14,16,18,21| 2
2442 12/01/13| 1,3,11,25,33,34| 3
2441 08/01/13| 9,16,17,20,32,33| 4
2440 05/01/13| 7,10,12,19,25,36| 7
2439 01/01/13| 5,11,12,13,15,20| 4
2438 29/12/12| 11,13,18,26,27,36| 2
2437 25/12/12| 1,4,5,7,18,23| 1
2436 22/12/12| 7,16,28,31,33,35| 4
2435 20/12/12| 6,9,24,25,33,34| 2
2434 18/12/12| 8,14,18,22,25,31| 1
2433 15/12/12| 7,10,17,23,24,31| 3
2432 11/12/12| 2,9,15,22,31,33| 6
2431 08/12/12| 3,10,11,13,26,37| 1
2430 06/12/12| 5,6,9,26,32,35| 4
2429 04/12/12| 2,3,6,19,25,27| 7
2428 01/12/12| 2,8,12,31,34,35| 5
2427 27/11/12| 12,14,19,20,23,25| 4
2426 24/11/12| 8,11,25,30,31,33| 7
2425 20/11/12| 4,5,21,30,36,37| 5
2424 17/11/12| 2,12,13,16,23,25| 1
2423 13/11/12| 6,8,14,25,26,31| 1
2422 10/11/12| 12,15,24,26,31,33| 1
2421 06/11/12| 11,19,21,22,26,30| 4
2420 03/11/12| 1,8,10,12,16,26| 6
2419 01/11/12| 2,7,10,11,29,32| 5
2418 30/10/12| 5,7,14,15,16,35| 7
2417 27/10/12| 3,9,15,24,30,35| 7
2416 23/10/12| 1,3,7,18,28,34| 7
2415 20/10/12| 6,17,22,24,26,31| 6
2414 18/10/12| 2,3,6,20,21,30| 2
2413 16/10/12| 7,10,11,19,23,25| 6
2412 13/10/12| 3,9,14,19,27,31| 6
2411 09/10/12| 2,4,7,24,32,36| 1
2410 06/10/12| 2,8,16,23,29,36| 3
2409 02/10/12| 1,8,20,21,33,37| 2
2408 29/09/12| 4,8,27,30,34,36| 6
2407 27/09/12| 2,12,20,22,24,32| 5
2406 22/09/12| 12,13,16,18,35,37| 5
2405 20/09/12| 11,19,22,23,25,36| 5
2404 15/09/12| 2,6,12,16,21,26| 5
2403 11/09/12| 3,5,10,11,12,21| 3
2402 08/09/12| 8,23,26,31,34,35| 5
2401 06/09/12| 9,13,21,22,24,31| 1
2400 04/09/12| 3,7,15,29,31,34| 7
2399 01/09/12| 2,3,18,20,26,35| 2
2398 28/08/12| 2,6,19,29,36,37| 7
2397 25/08/12| 7,11,26,27,28,34| 6
2396 21/08/12| 6,7,17,18,25,35| 4
2395 18/08/12| 4,12,16,21,26,30| 6
2394 14/08/12| 5,8,25,29,30,31| 4
2393 11/08/12| 9,16,21,24,26,33| 7
2392 07/08/12| 1,15,21,23,26,36| 3
2391 04/08/12| 4,12,19,23,27,31| 1
2390 02/08/12| 3,8,30,34,35,36| 7
2389 31/07/12| 1,5,11,18,26,30| 3
2388 27/07/12| 3,15,26,27,36,37| 5
2387 24/07/12| 1,11,21,25,26,31| 4
2386 21/07/12| 4,8,21,22,24,29| 1
2385 17/07/12| 9,15,25,26,28,32| 3
2384 14/07/12| 2,11,12,18,24,26| 5
2383 10/07/12| 7,20,23,24,25,36| 7
2382 07/07/12| 4,8,14,21,27,37| 3
2381 05/07/12| 5,8,11,21,35,37| 6
2380 03/07/12| 9,15,25,30,32,33| 7
2379 30/06/12| 3,8,9,10,16,36| 6
2378 26/06/12| 1,2,14,15,28,31| 2
2377 23/06/12| 10,12,18,21,25,35| 2
2376 21/06/12| 6,7,11,30,33,35| 3
2375 19/06/12| 2,5,14,21,36,37| 3
2374 16/06/12| 1,2,3,16,28,30| 3
2373 12/06/12| 5,7,11,24,26,30| 1
2372 09/06/12| 1,6,25,29,33,34| 2
2371 07/06/12| 5,10,12,20,22,31| 1
2370 05/06/12| 7,21,26,31,32,35| 6
2369 02/06/12| 2,8,12,17,21,24| 3
2368 29/05/12| 3,8,10,23,24,34| 3
2367 27/05/12| 14,19,30,34,35,36| 4
2366 22/05/12| 9,11,21,25,26,32| 6
2365 19/05/12| 5,6,7,16,23,36| 1
2364 15/05/12| 4,5,18,23,32,36| 4
2363 12/05/12| 1,2,3,14,23,29| 7
2362 08/05/12| 2,21,22,23,28,30| 4
2361 05/05/12| 18,22,25,26,27,33| 3
2360 03/05/12| 4,15,17,20,21,25| 4
2359 01/05/12| 8,9,19,27,28,33| 2
2358 28/04/12| 5,17,19,22,25,32| 1
2357 23/04/12| 1,2,9,12,26,29| 2
2356 21/04/12| 1,8,21,23,28,32| 5
2355 17/04/12| 3,5,7,27,35,36| 2
2354 15/04/12| 3,11,12,15,22,33| 7
2353 10/04/12| 1,8,14,21,23,31| 2
2352 08/04/12| 7,16,17,18,20,36| 1
2351 03/04/12| 8,13,15,21,23,26| 3
2350 31/03/12| 6,8,9,11,17,31| 1
2349 29/03/12| 8,12,13,16,30,37| 2
2348 27/03/12| 3,5,12,23,24,32| 7
2347 24/03/12| 1,3,5,11,19,24| 5
2346 20/03/12| 2,14,15,23,27,31| 3
2345 17/03/12| 1,4,14,23,29,30| 7
2344 13/03/12| 2,3,10,11,28,34| 6
2343 10/03/12| 12,19,23,30,35,37| 5
2342 06/03/12| 6,13,14,22,28,29| 6
2341 03/03/12| 2,7,8,14,31,34| 5
2340 01/03/12| 11,13,24,26,29,34| 6
2339 28/02/12| 2,10,14,32,34,36| 7
2338 25/02/12| 1,5,11,13,21,35| 2
2337 21/02/12| 18,21,22,23,25,36| 2
2336 18/02/12| 3,5,7,8,32,37| 5
2335 14/02/12| 7,10,22,23,27,36| 3
2334 11/02/12| 2,4,25,30,33,37| 6
2333 07/02/12| 1,2,17,19,29,32| 4
2332 04/02/12| 15,16,17,25,27,30| 4
2331 02/02/12| 14,17,29,31,32,35| 5
2330 31/01/12| 8,15,20,26,27,34| 6
2329 28/01/12| 8,12,18,20,29,32| 3
2328 24/01/12| 3,10,15,24,28,37| 4
2327 21/01/12| 14,16,27,28,32,36| 5
2326 17/01/12| 2,19,22,25,26,28| 3
2325 14/01/12| 5,10,14,25,27,33| 2
2324 10/01/12| 7,10,16,21,25,28| 5
2323 07/01/12| 1,2,20,21,25,28| 1
2322 05/01/12| 3,23,25,28,29,33| 4
2321 03/01/12| 7,25,27,31,32,34| 7
2320 31/12/11| 2,3,8,15,19,34| 6
2319 27/12/11| 5,6,7,12,33,36| 7
2318 24/12/11| 1,3,13,14,17,36| 5
2317 20/12/11| 4,16,21,26,28,30| 2
2316 17/12/11| 6,7,22,30,31,36| 6
2315 13/12/11| 2,4,5,11,15,24| 7
2314 11/12/11| 3,10,23,27,32,37| 6
2313 06/12/11| 6,13,15,17,19,35| 3
2312 03/12/11| 7,8,20,26,30,34| 2
2311 29/11/11| 12,21,25,27,29,31| 2
2310 26/11/11| 2,7,10,20,23,32| 7
2309 22/11/11| 15,16,20,24,28,35| 6
2308 19/11/11| 15,19,22,29,33,37| 7
2307 15/11/11| 2,4,5,7,24,33| 1
2306 12/11/11| 3,12,16,21,26,36| 1
2305 08/11/11| 1,2,14,15,18,32| 1
2304 05/11/11| 6,15,20,25,28,30| 5
2303 01/11/11| 2,15,17,18,20,34| 2
2302 29/10/11| 2,7,9,14,23,24| 6
2301 25/10/11| 10,13,20,35,36,37| 1
2300 23/10/11| 9,18,20,31,32,37| 3
2299 18/10/11| 2,4,17,20,26,34| 4
2298 15/10/11| 7,12,15,27,33,37| 3
2297 11/10/11| 1,3,4,7,20,34| 3
2296 09/10/11| 3,9,12,17,24,30| 2
2295 04/10/11| 5,8,10,16,19,31| 7
2294 02/10/11| 12,16,24,29,33,35| 2
2293 27/09/11| 3,5,10,11,34,36| 6
2292 24/09/11| 4,15,16,17,35,37| 3
2291 20/09/11| 9,13,16,17,34,35| 5
2290 17/09/11| 15,18,21,29,31,34| 6
2289 13/09/11| 15,19,29,31,34,35| 7
2288 10/09/11| 10,11,14,19,20,29| 2
2287 06/09/11| 6,7,12,18,25,26| 1
2286 03/09/11| 9,16,18,20,21,25| 6
2285 30/08/11| 1,2,3,5,22,28| 5
2284 27/08/11| 8,12,15,23,34,35| 3
2283 23/08/11| 16,17,21,28,33,37| 4
2282 20/08/11| 17,18,24,30,36,37| 2
2281 16/08/11| 4,6,8,32,35,37| 1
2280 13/08/11| 4,7,12,18,20,36| 1
2279 09/08/11| 9,15,17,18,25,26| 3
2278 06/08/11| 1,2,10,15,25,32| 6
2277 02/08/11| 7,10,14,18,20,36| 2
2276 30/07/11| 1,5,13,24,30,37| 6
2275 26/07/11| 1,4,11,26,28,34| 7
2274 23/07/11| 15,17,23,24,27,31| 2
2273 19/07/11| 1,16,20,24,29,36| 5
2272 16/07/11| 7,11,17,21,23,37| 2
2271 12/07/11| 1,2,9,21,22,36| 3
2270 09/07/11| 3,11,15,17,22,23| 1
2269 05/07/11| 1,6,19,23,33,37| 3
2268 02/07/11| 4,11,17,24,25,30| 3
2267 28/06/11| 21,24,30,32,36,37| 4
2266 25/06/11| 6,10,16,20,23,30| 1
2265 21/06/11| 5,16,19,25,28,34| 2
2264 18/06/11| 4,16,19,29,30,32| 6
2263 14/06/11| 1,3,4,18,24,26| 3
2262 11/06/11| 2,8,12,17,26,35| 7
2261 08/06/11| 8,11,13,16,32,37| 7
2260 04/06/11| 5,9,12,16,20,26| 1
2259 31/05/11| 2,9,20,22,23,33| 2
2258 28/05/11| 6,10,16,19,27,32| 5
2257 24/05/11| 7,12,18,23,34,36| 4
2256 21/05/11| 2,16,17,31,35,36| 5
2255 17/05/11| 3,12,15,16,27,34| 2
2254 14/05/11| 10,16,21,23,35,37| 7
2253 11/05/11| 4,8,12,14,22,24| 4
2252 07/05/11| 1,12,14,20,21,29| 2
2251 03/05/11| 5,11,13,14,34,36| 4
2250 30/04/11| 3,4,19,23,27,33| 6
2249 27/04/11| 3,14,17,24,30,35| 4
2248 23/04/11| 10,14,19,20,23,34| 5
2247 20/04/11| 12,13,15,26,28,36| 4
2246 16/04/11| 7,8,11,13,15,28| 1
2245 12/04/11| 5,12,17,19,24,34| 2
2244 09/04/11| 6,16,18,22,26,31| 7
2243 05/04/11| 5,6,8,12,29,35| 7
2242 02/04/11| 6,14,16,19,21,30| 2
2241 29/03/11| 6,13,21,23,24,29| 1
2240 26/03/11| 8,12,13,19,23,29| 3
2239 22/03/11| 4,5,7,8,15,33| 7
2238 19/03/11| 8,10,17,19,24,32| 3
2237 15/03/11| 4,11,18,19,22,28| 2
2236 12/03/11| 3,7,14,17,18,20| 1
2235 08/03/11| 2,7,8,9,13,28| 3
2234 05/03/11| 2,17,19,21,26,31| 6
2233 01/03/11| 13,20,25,28,33,35| 8
2232 26/02/11| 19,23,24,28,29,33| 5
2231 22/02/11| 1,9,10,11,15,21| 1
2230 19/02/11| 1,10,12,17,26,30| 1
2229 15/02/11| 10,16,19,24,27,32| 4
2228 12/02/11| 1,4,18,20,26,31| 2
2227 08/02/11| 3,7,9,18,30,35| 3
2226 05/02/11| 7,20,24,26,34,36| 5
2225 01/02/11| 8,12,21,31,33,34| 1
2224 29/01/11| 7,10,12,13,30,36| 7
2223 25/01/11| 5,7,21,25,36,37| 6
2222 22/01/11| 4,11,13,20,29,33| 5
2221 18/01/11| 6,7,12,22,26,37| 7
2220 15/01/11| 7,12,16,22,25,28| 7
2219 11/01/11| 5,21,25,26,29,37| 7
2218 08/01/11| 3,11,29,32,33,35| 6
2217 04/01/11| 4,13,21,24,26,31| 7
2216 01/01/11| 2,13,14,19,31,35| 1
2215 28/12/10| 2,9,10,22,31,37| 8
2214 25/12/10| 7,8,10,16,28,35| 7
2213 21/12/10| 6,8,10,20,22,36| 5
2212 18/12/10| 2,5,6,9,17,35| 1
2211 14/12/10| 3,8,11,19,21,32| 1
2210 11/12/10| 5,8,19,23,28,36| 2
2209 07/12/10| 3,7,11,16,17,36| 1
2208 04/12/10| 3,11,12,20,27,34| 5
2207 30/11/10| 12,19,23,25,28,32| 1
2206 27/11/10| 6,9,12,18,23,25| 1
2205 23/11/10| 4,9,12,16,21,31| 5
2204 20/11/10| 7,13,14,21,35,37| 7
2203 16/11/10| 11,12,14,15,32,34| 8
2202 13/11/10| 12,15,19,31,35,37| 5
2201 09/11/10| 21,22,26,29,33,36| 2
2200 06/11/10| 18,20,21,24,25,31| 7
2199 02/11/10| 2,11,24,31,35,36| 2
2198 30/10/10| 8,11,16,30,31,33| 5
2197 26/10/10| 1,11,15,17,29,32| 3
2196 23/10/10| 4,5,14,17,23,35| 5
2195 19/10/10| 8,9,21,28,32,33| 8
2194 16/10/10| 13,14,26,32,33,36| 2
2193 12/10/10| 10,17,29,32,34,35| 4
2192 09/10/10| 13,14,21,30,32,37| 1
2191 05/10/10| 3,14,24,29,30,33| 6
2190 02/10/10| 13,14,18,31,34,35| 7
2189 28/09/10| 2,14,15,16,25,35| 5
2188 25/09/10| 4,15,20,21,27,32| 7
2187 21/09/10| 13,14,26,32,33,36| 1
2186 19/09/10| 3,4,5,27,29,30| 4
2185 14/09/10| 14,16,21,22,24,35| 2
2184 12/09/10| 1,4,13,16,34,36| 6
2183 07/09/10| 4,5,16,17,30,35| 5
2182 04/09/10| 10,15,24,25,30,37| 6
2181 31/08/10| 12,13,16,18,22,36| 7
2180 28/08/10| 1,7,11,15,21,34| 3
2179 24/08/10| 3,8,11,12,25,27| 3
2178 21/08/10| 1,10,12,13,15,37| 1
2177 17/08/10| 1,7,12,14,25,30| 4
2176 14/08/10| 8,17,18,24,26,31| 2
2175 10/08/10| 12,17,18,19,21,37| 3
2174 07/08/10| 7,8,18,19,20,33| 8
2173 03/08/10| 15,19,27,28,30,31| 3
2172 31/07/10| 1,6,7,13,19,29| 7
2171 27/07/10| 1,6,9,24,35,36| 5
2170 24/07/10| 3,4,5,14,26,32| 4
2169 20/07/10| 2,9,13,20,21,24| 4
2168 17/07/10| 1,8,9,10,16,37| 5
2167 13/07/10| 6,9,20,22,27,36| 4
2166 10/07/10| 6,8,9,16,25,36| 2
2165 06/07/10| 7,9,21,23,24,27| 5
2164 03/07/10| 4,8,12,14,29,37| 3
2163 01/07/10| 3,4,6,8,15,20| 3
2162 29/06/10| 1,11,13,27,29,32| 1
2161 26/06/10| 6,10,14,16,28,31| 5
2160 24/06/10| 8,15,23,25,26,37| 8
2159 22/06/10| 2,11,16,18,22,29| 1
2158 19/06/10| 4,5,6,7,10,28| 6
2157 15/06/10| 2,6,17,20,21,30| 5
2156 12/06/10| 7,8,15,23,25,26| 8
2155 08/06/10| 11,12,23,25,28,31| 1
2154 05/06/10| 10,22,25,29,31,34| 8
2153 03/06/10| 2,10,15,26,28,34| 4
2152 01/06/10| 2,10,11,12,19,34| 8
2151 29/05/10| 1,4,17,19,27,36| 5
2150 25/05/10| 9,10,12,16,20,23| 2
2149 22/05/10| 18,19,23,24,28,31| 3
2148 19/05/10| 2,3,9,18,23,30| 5
2147 15/05/10| 4,8,14,19,35,36| 4
2146 11/05/10| 4,17,19,22,32,35| 3
2145 08/05/10| 1,10,12,19,30,32| 3
2144 06/05/10| 1,2,12,16,22,25| 3
2143 04/05/10| 9,18,31,33,34,35| 7
2142 01/05/10| 2,8,9,18,20,27| 7
2141 27/04/10| 2,3,5,8,10,14| 4
2140 24/04/10| 4,7,22,29,31,36| 3
2139 21/04/10| 6,10,23,24,28,36| 4
2138 17/04/10| 1,11,20,27,28,30| 4
2137 13/04/10| 5,11,14,15,21,32| 3
2136 10/04/10| 12,15,21,24,28,34| 7
2135 06/04/10| 2,11,18,22,31,36| 2
2134 03/04/10| 6,9,10,21,26,27| 6
2133 30/03/10| 1,5,10,22,28,30| 8
2132 27/03/10| 7,11,15,25,30,36| 1
2131 23/03/10| 8,12,21,25,27,31| 2
2130 20/03/10| 4,11,12,14,25,29| 1
2129 16/03/10| 14,15,21,27,30,32| 2
2128 13/03/10| 1,2,13,15,24,26| 1
2127 09/03/10| 7,8,9,13,20,33| 1
2126 06/03/10| 6,7,27,34,35,36| 7
2125 02/03/10| 6,11,18,25,29,33| 5
2124 27/02/10| 7,16,21,24,26,34| 8
2123 23/02/10| 13,23,25,29,31,35| 2
2122 20/02/10| 3,4,13,15,18,19| 6
2121 16/02/10| 1,2,13,24,30,32| 2
2120 13/02/10| 1,8,11,13,15,25| 4
2119 09/02/10| 11,18,24,26,31,34| 6
2118 06/02/10| 7,19,22,24,28,37| 7
2117 02/02/10| 5,13,14,15,18,30| 1
2116 30/01/10| 14,23,26,27,33,35| 5
2115 26/01/10| 2,11,14,24,28,30| 1
2114 23/01/10| 9,10,11,14,24,33| 6
2113 19/01/10| 6,9,19,25,32,33| 6
2112 16/01/10| 10,12,14,15,28,37| 4
2111 12/01/10| 2,7,9,10,12,20| 4
2110 09/01/10| 1,3,4,32,33,35| 2
2109 05/01/10| 3,6,22,32,33,36| 4
2108 02/01/10| 1,11,12,27,31,35| 4
2107 29/12/09| 7,8,12,13,29,31| 8
2106 26/12/09| 6,8,14,21,23,24| 7
2105 22/12/09| 16,19,22,24,26,28| 2
2104 19/12/09| 10,15,19,25,34,36| 1
2103 15/12/09| 9,21,22,23,25,35| 7
2102 12/12/09| 4,6,12,23,26,30| 6
2101 08/12/09| 1,6,15,20,22,24| 4
2100 05/12/09| 3,22,25,28,33,34| 3
2099 01/12/09| 1,11,13,24,29,31| 8
2098 28/11/09| 9,10,16,27,30,34| 3
2097 24/11/09| 5,6,7,24,29,33| 8
2096 21/11/09| 1,14,16,17,27,36| 4
2095 17/11/09| 2,12,13,18,28,30| 4
2094 14/11/09| 5,6,14,31,32,34| 4
2093 10/11/09| 4,17,18,22,31,32| 6
2092 07/11/09| 3,11,17,18,25,33| 4
2091 03/11/09| 3,6,9,11,25,32| 7
2090 31/10/09| 6,8,17,20,22,25| 1
2089 27/10/09| 3,10,11,23,24,25| 1
2088 24/10/09| 5,7,19,23,30,33| 5
2087 20/10/09| 8,14,25,27,31,37| 3
2086 17/10/09| 1,3,10,14,23,37| 3
2085 13/10/09| 2,11,15,19,28,36| 6
2084 10/10/09| 2,6,12,17,32,37| 6
2083 06/10/09| 3,12,20,22,25,28| 8
2082 03/10/09| 1,14,16,17,26,34| 4
2081 29/09/09| 4,8,14,21,22,34| 8
2080 26/09/09| 2,4,8,11,16,34| 2
2079 22/09/09| 2,6,8,18,21,29| 8
2078 20/09/09| 5,6,10,23,25,34| 8
2077 15/09/09| 21,23,25,30,31,33| 2
2076 12/09/09| 14,17,24,30,32,35| 7
2075 08/09/09| 8,14,20,21,28,35| 1
2074 05/09/09| 3,10,14,17,22,37| 3
2073 01/09/09| 4,8,11,16,27,31| 1
2072 29/08/09| 7,8,11,12,20,35| 6
2071 25/08/09| 6,7,14,16,17,28| 8
2070 22/08/09| 1,10,21,22,31,34| 3
2069 18/08/09| 12,17,20,22,25,30| 3
2068 15/08/09| 8,11,17,21,25,31| 2
2067 11/08/09| 7,16,20,22,32,34| 8
2066 08/08/09| 4,13,16,23,33,37| 4
2065 06/08/09| 4,5,11,28,29,34| 1
2064 04/08/09| 1,3,16,23,33,37| 8
2063 01/08/09| 3,5,20,27,33,37| 1
2062 28/07/09| 1,2,4,22,29,36| 4
2061 25/07/09| 2,3,4,17,20,26| 4
2060 21/07/09| 3,7,17,19,21,33| 6
2059 18/07/09| 6,20,30,32,34,35| 7
2058 14/07/09| 6,7,10,15,16,20| 3
2057 11/07/09| 4,17,18,24,26,37| 3
2056 07/07/09| 2,3,13,14,20,26| 2
2055 04/07/09| 8,9,14,18,22,37| 5
2054 02/07/09| 6,11,21,24,25,26| 6
2053 30/06/09| 2,11,12,21,35,36| 6
2052 27/06/09| 2,12,24,25,27,28| 5
2051 23/06/09| 6,11,13,17,26,31| 7
2050 20/06/09| 8,9,11,28,30,35| 2
2049 18/06/09| 20,27,30,32,34,37| 3
2048 16/06/09| 6,18,19,23,27,31| 4
2047 13/06/09| 2,8,10,18,21,28| 2
2046 09/06/09| 9,12,14,15,23,34| 1
2045 06/06/09| 13,23,29,31,32,34| 1
2044 04/06/09| 5,6,8,16,18,30| 3
2043 02/06/09| 6,9,12,19,27,32| 4
2042 30/05/09| 2,22,24,32,36,37| 7
2041 26/05/09| 2,5,9,17,23,33| 3
2040 23/05/09| 21,23,29,30,31,35| 2
2039 19/05/09| 4,5,10,11,30,37| 4
2038 16/05/09| 4,15,20,30,31,35| 2
2037 12/05/09| 3,6,18,26,27,34| 6
2036 09/05/09| 13,16,17,19,21,28| 4
2035 07/05/09| 7,9,28,29,36,37| 1
2034 05/05/09| 16,24,29,32,36,37| 3
2033 02/05/09| 5,11,15,20,21,26| 5
2032 29/04/09| 2,6,13,21,27,31| 7
2031 25/04/09| 1,5,6,16,27,33| 3
2030 21/04/09| 10,17,19,32,35,37| 4
2029 18/04/09| 13,16,18,25,32,33| 7
2028 15/04/09| 9,12,17,18,33,34| 5
2027 11/04/09| 4,5,10,11,20,25| 5
2026 07/04/09| 3,18,21,24,27,29| 1
2025 04/04/09| 15,17,21,35,36,37| 6
2024 02/04/09| 1,9,17,25,28,33| 2
2023 31/03/09| 2,8,21,22,33,35| 4
2022 28/03/09| 12,13,20,24,28,31| 1
2021 24/03/09| 2,8,12,21,26,28| 5
2020 21/03/09| 3,4,12,14,20,31| 2
2019 17/03/09| 7,9,10,11,20,33| 3
2018 14/03/09| 3,8,10,11,19,31| 2
2017 10/03/09| 5,11,15,28,30,34| 2
2016 07/03/09| 1,2,10,14,17,21| 1
2015 05/03/09| 1,7,10,24,28,35| 1
2014 03/03/09| 14,15,16,23,25,35| 2
2013 28/02/09| 8,14,24,28,34,35| 8
2012 24/02/09| 3,4,6,25,27,32| 7
2011 21/02/09| 12,13,17,22,30,33| 5
2010 17/02/09| 9,11,15,22,24,27| 6
2009 14/02/09| 1,8,10,16,26,30| 6
2008 10/02/09| 6,9,12,19,25,29| 7
2007 07/02/09| 1,4,5,6,19,30| 8
2006 05/02/09| 4,5,6,8,25,29| 9
2005 03/02/09| 9,13,15,17,19,32| 5
2004 31/01/09| 6,10,11,21,23,31| 9
2003 27/01/09| 3,6,7,10,23,25| 7
2002 24/01/09| 1,9,10,12,19,34| 1
2001 20/01/09| 1,5,16,19,26,33| 7
2000 17/01/09| 7,9,24,25,30,34| 8
1999 13/01/09| 2,3,11,12,20,30| 4
1998 10/01/09| 3,4,6,17,27,31| 9
1997 06/01/09| 5,24,26,27,29,30| 5
1996 03/01/09| 11,15,17,18,29,30| 5
1995 01/01/09| 2,4,13,19,29,31| 7
1994 30/12/08| 10,15,24,29,32,33| 5
1993 27/12/08| 6,8,10,18,31,32| 9
1992 25/12/08| 12,20,24,26,30,33| 3
1991 23/12/08| 1,2,15,17,19,25| 7
1990 20/12/08| 9,11,12,17,19,23| 1
1989 16/12/08| 4,11,20,22,30,32| 9
1988 13/12/08| 4,5,10,19,28,30| 6
1987 09/12/08| 5,11,12,18,26,34| 5
1986 06/12/08| 3,17,24,27,30,31| 10
1985 04/12/08| 4,7,18,21,28,30| 5
1984 02/12/08| 5,14,15,23,25,34| 1
1983 29/11/08| 3,8,13,17,22,29| 8
1982 25/11/08| 2,7,12,16,29,34| 5
1981 22/11/08| 9,15,18,22,23,24| 3
1980 18/11/08| 4,8,15,22,28,31| 7
1979 15/11/08| 4,8,25,26,29,31| 4
1978 11/11/08| 7,10,13,19,29,33| 7
1977 08/11/08| 5,19,22,27,29,34| 5
1976 06/11/08| 5,10,14,15,24,31| 9
1975 04/11/08| 2,5,11,21,24,31| 3
1974 01/11/08| 3,9,10,15,17,26| 2
1973 30/10/08| 2,6,14,26,27,30| 2
1972 28/10/08| 6,10,23,28,29,30| 4
1971 25/10/08| 1,7,8,19,24,26| 4
1970 22/10/08| 7,10,11,13,23,33| 6
1969 18/10/08| 4,8,17,18,22,32| 1
1968 14/10/08| 4,7,13,14,15,20| 2
1967 11/10/08| 9,10,20,24,26,27| 7
1966 07/10/08| 4,5,14,18,24,31| 4
1965 04/10/08| 2,9,13,16,20,23| 5
1964 01/10/08| 3,4,5,7,10,16| 6
1963 27/09/08| 3,5,9,16,18,26| 2
1962 23/09/08| 3,12,14,22,27,33| 7
1961 20/09/08| 10,14,17,26,30,33| 10
1960 16/09/08| 4,19,24,25,30,34| 4
1959 13/09/08| 2,3,5,11,13,24| 2
1958 09/09/08| 13,15,18,22,23,31| 3
1957 06/09/08| 4,9,12,24,29,33| 7
1956 02/09/08| 1,5,9,23,24,30| 6
1955 30/08/08| 13,18,25,26,31,32| 1
1954 26/08/08| 4,6,15,23,27,33| 3
1953 23/08/08| 1,2,8,10,19,22| 5
1952 19/08/08| 10,14,18,19,21,23| 5
1951 16/08/08| 12,18,19,23,28,29| 3
1950 12/08/08| 2,9,18,26,28,33| 6
1949 08/08/08| 3,8,13,20,31,33| 10
1948 05/08/08| 1,12,17,21,28,32| 8
1947 02/08/08| 1,19,20,22,28,34| 4
1946 29/07/08| 2,11,13,17,32,34| 6
1945 26/07/08| 5,15,21,22,27,29| 10
1944 22/07/08| 3,10,13,18,21,31| 3
1943 19/07/08| 12,15,17,18,26,31| 9
1942 15/07/08| 11,12,13,21,23,24| 7
1941 12/07/08| 5,8,12,16,21,25| 1
1940 08/07/08| 3,16,20,23,27,28| 5
1939 05/07/08| 3,19,25,26,32,34| 10
1938 01/07/08| 4,11,13,17,24,28| 10
1937 28/06/08| 4,7,11,14,22,25| 7
1936 24/06/08| 1,9,15,16,19,34| 2
1935 21/06/08| 2,9,13,19,23,32| 3
1934 17/06/08| 3,7,8,22,24,30| 8
1933 14/06/08| 2,4,19,27,33,34| 8
1932 11/06/08| 4,12,14,21,24,30| 2
1931 07/06/08| 1,2,17,18,32,34| 6
1930 03/06/08| 3,4,6,13,21,30| 6
1929 31/05/08| 2,8,20,25,31,32| 9
1928 27/05/08| 2,3,4,12,18,28| 6
1927 24/05/08| 1,2,16,17,20,31| 3
1926 20/05/08| 1,12,16,20,22,23| 8
1925 17/05/08| 5,9,13,24,27,31| 2
1924 13/05/08| 6,12,13,16,28,32| 6
1923 10/05/08| 6,11,18,25,29,30| 8
1922 06/05/08| 3,10,18,27,28,30| 2
1921 03/05/08| 11,18,22,24,26,29| 5
1920 29/04/08| 4,13,19,23,27,28| 1
1919 26/04/08| 1,2,3,6,7,17| 6
1918 22/04/08| 5,7,9,17,25,30| 8
1917 18/04/08| 1,5,8,14,21,23| 10
1916 15/04/08| 6,11,23,25,28,29| 3
1915 12/04/08| 3,12,19,26,29,33| 8
1914 08/04/08| 2,10,11,13,14,17| 7
1913 05/04/08| 6,9,12,18,19,31| 6
1912 01/04/08| 5,7,12,16,18,34| 4
1911 29/03/08| 5,7,9,20,26,31| 9
1910 25/03/08| 13,28,29,31,32,34| 10
1909 22/03/08| 2,4,21,26,27,33| 4
1908 18/03/08| 8,11,14,26,28,29| 1
1907 15/03/08| 5,13,17,22,25,34| 7
1906 11/03/08| 1,7,8,16,17,24| 3
1905 08/03/08| 6,19,20,21,25,32| 9
1904 04/03/08| 9,11,12,20,30,33| 7
1903 01/03/08| 5,7,15,23,27,32| 4
1902 26/02/08| 7,14,15,24,27,34| 9
1901 23/02/08| 3,4,22,23,24,26| 1
1900 19/02/08| 3,7,13,15,21,26| 7
1899 16/02/08| 3,8,14,16,17,21| 3
1898 12/02/08| 9,17,18,20,33,34| 8
1897 09/02/08| 2,12,20,24,29,31| 9
1896 05/02/08| 6,10,16,17,20,32| 8
1895 02/02/08| 2,7,8,14,21,33| 2
1894 29/01/08| 2,3,23,25,31,32| 8
1893 26/01/08| 6,14,17,26,30,32| 7
1892 22/01/08| 2,3,7,15,17,28| 8
1891 19/01/08| 7,12,17,21,25,29| 2
1890 15/01/08| 2,3,7,11,20,28| 8
1889 12/01/08| 10,12,16,28,29,31| 6
1888 08/01/08| 8,10,17,22,26,31| 1
1887 05/01/08| 4,7,11,15,18,31| 9
1886 31/12/07| 1,3,6,18,22,28| 2
1885 29/12/07| 5,15,17,23,27,30| 2
1884 25/12/07| 2,3,9,10,14,18| 5
1883 22/12/07| 2,5,14,20,22,30| 8
1882 18/12/07| 3,11,13,16,17,33| 8
1881 15/12/07| 3,4,15,17,18,33| 9
1880 11/12/07| 14,17,18,22,25,34| 5
1879 08/12/07| 5,13,25,28,32,34| 6
1878 06/12/07| 10,14,17,23,24,34| 9
1877 04/12/07| 3,14,16,23,24,31| 1
1876 01/12/07| 3,4,8,11,17,19| 9
1875 27/11/07| 1,2,7,27,29,31| 3
1874 24/11/07| 7,11,15,19,22,27| 3
1873 20/11/07| 7,11,15,20,31,33| 6
1872 17/11/07| 3,4,9,14,15,30| 3
1871 13/11/07| 3,7,11,14,23,28| 4
1870 10/11/07| 5,8,10,15,26,30| 6
1869 06/11/07| 1,19,22,25,27,32| 2
1868 03/11/07| 10,12,13,19,21,28| 4
1867 01/11/07| 3,5,15,23,28,32| 7
1866 30/10/07| 10,14,23,27,30,31| 10
1865 27/10/07| 2,5,10,11,17,22| 4
1864 23/10/07| 11,12,15,17,19,31| 2
1863 20/10/07| 4,7,9,10,24,33| 8
1862 16/10/07| 6,8,14,18,19,29| 5
1861 13/10/07| 10,14,17,21,29,30| 5
1860 11/10/07| 2,7,8,12,26,29| 3
1859 09/10/07| 5,10,12,22,32,33| 1
1858 06/10/07| 4,10,12,15,21,29| 3
1857 02/10/07| 1,2,3,5,33,34| 2
1856 29/09/07| 1,2,11,18,28,34| 3
1855 25/09/07| 1,6,7,10,26,29| 6
1854 23/09/07| 8,16,17,22,23,24| 1
1853 18/09/07| 4,16,19,28,30,32| 10
1852 16/09/07| 3,4,9,16,23,27| 3
1851 11/09/07| 3,12,15,26,33,34| 10
1850 08/09/07| 3,10,18,21,25,27| 2
1849 06/09/07| 2,6,22,31,32,33| 5
1848 04/09/07| 3,14,20,31,33,34| 7
1847 01/09/07| 1,3,8,11,20,31| 9
1846 28/08/07| 20,28,29,30,32,34| 3
1845 25/08/07| 7,13,15,22,30,32| 5
1844 21/08/07| 5,13,21,25,31,33| 3
1843 18/08/07| 6,7,12,21,28,30| 8
1842 14/08/07| 3,9,10,16,30,32| 8
1841 11/08/07| 3,7,9,15,18,29| 1
1840 07/08/07| 4,6,8,10,17,34| 10
1839 04/08/07| 5,6,9,16,19,22| 8
1838 02/08/07| 5,9,10,11,29,31| 6
1837 31/07/07| 1,3,7,20,21,22| 7
1836 28/07/07| 9,12,23,24,28,33| 4
1835 24/07/07| 7,13,22,24,27,28| 3
1834 21/07/07| 6,7,10,12,22,30| 4
1833 17/07/07| 5,7,12,15,20,25| 5
1832 14/07/07| 2,7,10,21,25,33| 6
1831 10/07/07| 6,7,9,15,28,33| 9
1830 07/07/07| 7,9,14,15,24,34| 6
1829 05/07/07| 2,4,16,18,26,34| 2
1828 03/07/07| 2,12,21,24,25,27| 9
1827 28/06/07| 5,6,7,24,26,29| 3
1826 26/06/07| 8,14,22,28,31,33| 5
1825 23/06/07| 3,7,19,21,27,31| 9
1824 19/06/07| 5,6,9,17,27,32| 4
1823 16/06/07| 9,12,18,21,23,28| 1
1822 12/06/07| 5,6,9,21,24,28| 2
1821 09/06/07| 13,17,20,21,25,34| 7
1820 07/06/07| 3,4,11,23,24,34| 10
1819 05/06/07| 6,9,13,16,24,32| 4
1818 02/06/07| 1,7,9,16,17,29| 8
1817 29/05/07| 1,3,21,23,27,32| 6
1816 26/05/07| 5,8,13,14,16,29| 10
1815 23/05/07| 2,3,8,22,24,34| 4
1814 19/05/07| 3,8,9,24,26,27| 9
1813 15/05/07| 3,6,7,15,18,20| 6
1812 12/05/07| 2,4,9,24,33,34| 9
1811 08/05/07| 6,10,11,25,31,32| 7
1810 05/05/07| 4,15,21,26,27,28| 9
1809 03/05/07| 10,11,19,25,26,27| 9
1808 01/05/07| 1,3,5,14,19,22| 8
1807 28/04/07| 3,14,16,22,28,29| 7
1806 25/04/07| 8,9,21,28,30,32| 2
1805 21/04/07| 1,3,14,19,26,31| 9
1804 17/04/07| 5,6,17,20,24,28| 3
1803 14/04/07| 1,9,10,17,26,34| 1
1802 12/04/07| 5,18,20,24,26,29| 10
1801 10/04/07| 2,3,5,6,12,32| 6
1800 07/04/07| 14,17,20,24,25,31| 7
1799 04/04/07| 6,8,12,24,25,31| 4
1798 31/03/07| 1,7,22,26,31,32| 3
1797 27/03/07| 7,12,22,24,26,30| 4
1796 24/03/07| 4,9,10,12,21,32| 8
1795 20/03/07| 2,18,19,20,26,31| 4
1794 17/03/07| 1,12,20,31,33,34| 7
1793 13/03/07| 2,4,10,15,21,30| 4
1792 10/03/07| 3,12,20,25,28,32| 6
1791 08/03/07| 6,10,16,24,27,30| 1
1790 06/03/07| 7,8,21,28,29,31| 3
1789 03/03/07| 3,4,12,14,33,34| 9
1788 27/02/07| 2,5,6,20,28,30| 7
1787 24/02/07| 1,8,11,12,25,30| 9
1786 20/02/07| 17,24,27,30,31,34| 8
1785 17/02/07| 9,15,19,27,28,32| 7
1784 13/02/07| 10,11,16,20,23,33| 10
1783 10/02/07| 15,26,29,30,33,34| 7
1782 06/02/07| 9,11,19,20,27,28| 4
1781 03/02/07| 8,16,21,23,26,28| 4
1780 01/02/07| 3,4,12,21,30,34| 8
1779 30/01/07| 6,14,18,24,25,27| 8
1778 27/01/07| 6,10,15,20,27,33| 2
1777 23/01/07| 10,17,21,26,28,29| 8
1776 20/01/07| 1,20,21,27,29,32| 9
1775 16/01/07| 3,23,27,32,33,34| 6
1774 13/01/07| 3,4,8,15,22,32| 7
1773 09/01/07| 3,14,22,24,32,33| 7
1772 06/01/07| 4,6,10,18,24,34| 4
1771 04/01/07| 1,4,8,14,27,33| 4
1770 02/01/07| 3,20,21,22,26,31| 8
1769 30/12/06| 7,17,18,20,21,26| 3
1768 28/12/06| 1,17,21,25,26,34| 4
1767 26/12/06| 15,17,19,26,28,32| 7
1766 23/12/06| 7,9,14,18,22,23| 8
1765 19/12/06| 2,6,13,22,29,34| 7
1764 16/12/06| 7,11,13,16,22,28| 6
1763 12/12/06| 11,13,15,19,31,33| 2
1762 05/12/06| 4,5,8,13,20,26| 8
1761 02/12/06| 2,5,21,27,29,33| 10
1760 30/11/06| 3,8,10,16,19,33| 1
1759 28/11/06| 1,2,13,22,25,33| 9
1758 25/11/06| 9,12,24,28,30,32| 7
1757 21/11/06| 1,3,19,27,30,32| 6
1756 18/11/06| 8,14,22,25,27,30| 9
1755 14/11/06| 2,9,11,15,19,30| 9
1754 11/11/06| 5,8,10,24,33,34| 2
1753 09/11/06| 3,10,18,25,26,34| 10
1752 07/11/06| 1,8,17,19,21,31| 4
1751 04/11/06| 4,11,13,20,21,27| 2
1750 31/10/06| 1,3,6,26,30,31| 7
1749 28/10/06| 3,4,13,26,27,33| 2
1748 24/10/06| 3,15,18,23,26,31| 4
1747 21/10/06| 1,11,12,21,23,31| 10
1746 19/10/06| 1,7,16,21,26,33| 7
1745 17/10/06| 2,6,7,11,12,22| 5
1744 14/10/06| 7,8,12,17,23,33| 10
1743 10/10/06| 1,10,14,17,27,32| 2
1742 07/10/06| 5,7,8,14,30,34| 1
1741 03/10/06| 4,10,18,28,31,32| 3
1740 30/09/06| 2,6,9,16,27,31| 1
1739 26/09/06| 1,14,15,26,29,32| 6
1738 24/09/06| 2,7,28,29,31,32| 7
1737 19/09/06| 5,18,20,26,28,34| 3
1736 16/09/06| 3,17,20,21,22,28| 3
1735 12/09/06| 10,15,22,26,29,34| 5
1734 09/09/06| 14,16,19,22,25,32| 10
1733 07/09/06| 1,2,4,12,14,23| 3
1732 05/09/06| 2,4,16,23,24,29| 8
1731 02/09/06| 3,5,9,13,14,21| 4
1730 29/08/06| 1,7,21,23,29,31| 5
1729 26/08/06| 3,18,23,28,29,31| 2
1728 22/08/06| 6,10,20,22,29,34| 2
1727 19/08/06| 1,2,17,22,27,28| 5
1726 15/08/06| 8,9,18,24,31,33| 3
1725 12/08/06| 11,19,21,24,25,30| 8
1724 10/08/06| 2,5,11,15,22,26| 10
1723 08/08/06| 1,6,9,17,27,31| 9
1722 05/08/06| 6,8,15,28,29,34| 9
1721 01/08/06| 1,2,7,13,14,32| 10
1720 29/07/06| 4,7,9,13,16,18| 9
1719 25/07/06| 13,15,19,22,28,32| 2
1718 22/07/06| 3,5,16,17,24,31| 7
1717 18/07/06| 4,12,14,17,19,20| 6
1716 15/07/06| 5,11,12,16,30,33| 3
1715 11/07/06| 6,11,13,21,26,27| 6
1714 08/07/06| 3,10,11,22,23,24| 8
1713 06/07/06| 3,8,9,14,17,22| 10
1712 04/07/06| 4,10,11,21,23,34| 6
1711 01/07/06| 6,9,14,21,23,27| 3
1710 27/06/06| 2,8,11,21,32,33| 2
1709 24/06/06| 1,7,14,15,17,24| 8
1708 20/06/06| 3,10,16,20,24,29| 2
1707 17/06/06| 2,8,10,11,17,31| 6
1706 13/06/06| 2,3,5,11,19,26| 2
1705 10/06/06| 2,9,13,21,23,29| 10
1704 08/06/06| 1,12,23,25,31,33| 6
1703 06/06/06| 4,8,13,17,22,30| 10
1702 03/06/06| 7,24,25,28,29,30| 8
1701 30/05/06| 5,6,8,19,21,30| 8
1700 27/05/06| 11,15,16,18,21,23| 9
1699 23/05/06| 1,12,15,20,26,27| 5
1698 20/05/06| 8,15,25,26,28,34| 3
1697 16/05/06| 4,6,21,27,29,30| 3
1696 13/05/06| 1,8,14,17,18,26| 4
1695 11/05/06| 3,22,23,25,27,32| 1
1694 09/05/06| 17,21,24,26,29,30| 1
1693 06/05/06| 2,22,23,24,33,34| 5
1692 03/05/06| 1,9,23,25,32,34| 1
1691 29/04/06| 2,7,16,19,23,32| 8
1690 25/04/06| 12,19,21,26,32,33| 1
1689 22/04/06| 5,14,20,21,23,28| 1
1688 19/04/06| 1,3,5,15,20,26| 10
1687 15/04/06| 1,2,5,10,11,24| 8
1686 11/04/06| 19,21,25,28,31,34| 10
1685 08/04/06| 6,8,9,17,27,29| 2
1684 06/04/06| 8,12,16,18,25,28| 3
1683 04/04/06| 1,11,14,16,26,27| 4
1682 01/04/06| 1,6,12,16,22,33| 4
1681 28/03/06| 1,5,8,24,25,28| 4
1680 25/03/06| 2,6,12,23,28,32| 10
1679 21/03/06| 3,12,13,20,28,32| 5
1678 18/03/06| 3,14,18,24,27,30| 6
1677 14/03/06| 9,15,16,18,25,27| 4
1676 11/03/06| 4,5,6,16,19,22| 5
1675 07/03/06| 1,3,7,24,29,30| 3
1674 04/03/06| 12,13,26,28,29,30| 2
1673 02/03/06| 6,10,16,22,27,29| 9
1672 28/02/06| 1,3,11,16,18,30| 1
1671 25/02/06| 4,5,21,22,32,34| 10
1670 21/02/06| 1,4,11,23,26,29| 3
1669 18/02/06| 1,2,8,12,31,33| 6
1668 14/02/06| 8,16,23,26,28,29| 2
1667 11/02/06| 8,11,14,17,25,29| 5
1666 07/02/06| 8,10,22,29,33,34| 9
1665 04/02/06| 2,3,5,20,31,32| 10
1664 02/02/06| 1,3,9,20,28,34| 1
1663 31/01/06| 14,18,19,26,27,34| 5
1662 28/01/06| 2,3,9,12,18,24| 9
1661 24/01/06| 2,4,13,17,19,26| 8
1660 21/01/06| 12,21,23,24,30,31| 1
1659 17/01/06| 16,18,20,21,28,32| 1
1658 14/01/06| 1,6,9,11,16,27| 9
1657 10/01/06| 2,7,15,21,30,34| 9
1656 07/01/06| 3,5,9,20,21,28| 10
1655 03/01/06| 3,7,9,18,20,30| 8
1654 31/12/05| 6,10,17,19,21,22| 10
1653 29/12/05| 1,8,17,21,33,34| 10
1652 27/12/05| 4,8,11,25,28,29| 3
1651 24/12/05| 2,5,10,11,16,17| 7
1650 20/12/05| 4,8,16,20,24,33| 8
1649 17/12/05| 2,15,19,24,32,33| 6
1648 13/12/05| 1,8,10,28,30,32| 1
1647 10/12/05| 1,10,15,18,22,34| 1
1646 06/12/05| 3,10,14,22,29,34| 8
1645 03/12/05| 1,2,8,20,26,33| 8
1644 01/12/05| 7,15,21,26,32,33| 3
1643 29/11/05| 6,11,15,25,29,31| 4
1642 26/11/05| 1,4,6,10,32,34| 7
1641 22/11/05| 5,13,16,18,19,28| 9
1640 19/11/05| 1,4,15,22,24,33| 3
1639 15/11/05| 5,14,15,23,25,34| 7
1638 12/11/05| 2,8,16,23,24,34| 9
1637 08/11/05| 6,20,23,26,29,32| 10
1636 05/11/05| 4,7,14,20,23,27| 7
1635 01/11/05| 1,11,14,18,20,29| 3
1634 29/10/05| 6,8,10,13,27,31| 6
1633 25/10/05| 2,3,22,27,29,32| 6
1632 22/10/05| 6,8,17,23,25,28| 3
1631 18/10/05| 2,7,11,15,21,24| 5
1630 15/10/05| 6,10,13,16,26,31| 4
1629 11/10/05| 5,9,18,20,31,34| 6
1628 08/10/05| 2,12,18,20,24,34| 8
1627 05/10/05| 7,8,11,13,14,23| 10
1626 01/10/05| 6,11,13,22,30,31| 4
1625 29/09/05| 5,10,15,21,24,32| 7
1624 27/09/05| 1,3,5,14,17,19| 5
1623 20/09/05| 6,10,12,17,20,26| 9
1622 17/09/05| 3,10,11,21,23,33| 7
1621 13/09/05| 8,13,15,19,21,24| 5
1620 10/09/05| 2,12,20,26,33,34| 5
1619 06/09/05| 1,15,18,19,33,34| 8
1618 03/09/05| 12,14,15,24,27,28| 7
1617 30/08/05| 5,8,14,15,17,24| 10
1616 27/08/05| 6,13,16,19,22,27| 9
1615 23/08/05| 6,16,19,25,29,30| 2
1614 20/08/05| 13,16,25,29,30,34| 4
1613 16/08/05| 6,14,21,32,33,34| 7
1612 12/08/05| 6,7,14,23,25,26| 5
1611 09/08/05| 1,9,15,18,27,31| 2
1610 06/08/05| 2,4,8,14,17,18| 10
1609 02/08/05| 3,17,20,23,26,32| 5
1608 30/07/05| 5,9,11,24,29,34| 7
1607 26/07/05| 4,5,8,13,18,20| 5
1606 23/07/05| 6,10,11,16,30,32| 3
1605 19/07/05| 6,11,18,24,29,33| 7
1604 16/07/05| 7,11,16,17,23,31| 4
1603 12/07/05| 7,8,17,21,24,31| 1
1602 09/07/05| 6,11,14,16,28,31| 1
1601 05/07/05| 6,15,17,27,30,32| 10
1600 02/07/05| 3,4,18,20,22,32| 10
1599 28/06/05| 7,8,10,14,20,21| 9
1598 25/06/05| 6,13,21,22,28,33| 2
1597 21/06/05| 8,10,11,14,31,32| 5
1596 18/06/05| 15,18,19,25,31,34| 6
1595 14/06/05| 2,12,20,26,29,31| 9
1594 11/06/05| 9,17,27,28,29,32| 1
1593 07/06/05| 2,5,8,18,24,25| 8
1592 04/06/05| 8,16,18,21,22,25| 5
1591 31/05/05| 7,8,9,23,30,34| 7
1590 28/05/05| 8,9,13,16,23,31| 9
1589 24/05/05| 3,8,10,20,30,31| 9
1588 21/05/05| 3,9,14,19,25,29| 4
1587 17/05/05| 6,10,23,24,30,34| 10
1586 14/05/05| 4,6,17,18,20,27| 1
1585 10/05/05| 3,18,20,28,29,32| 6
1584 07/05/05| 6,20,25,26,27,33| 7
1583 03/05/05| 1,3,10,22,30,32| 3
1582 30/04/05| 2,7,20,25,27,32| 3
1581 26/04/05| 5,10,16,19,21,27| 2
1580 22/04/05| 3,15,16,18,22,33| 9
1579 19/04/05| 1,5,8,10,29,31| 4
1578 16/04/05| 1,7,12,17,19,20| 4
1577 12/04/05| 8,14,16,21,28,30| 5
1576 09/04/05| 5,11,12,15,25,32| 1
1575 05/04/05| 3,4,9,23,29,30| 8
1574 02/04/05| 1,2,18,26,29,32| 8
1573 29/03/05| 1,9,22,24,25,26| 8
1572 26/03/05| 1,11,12,15,23,32| 4
1571 22/03/05| 1,8,12,13,21,30| 5
1570 19/03/05| 1,8,13,18,20,24| 7
1569 15/03/05| 10,12,19,21,26,30| 7
1568 12/03/05| 9,15,16,22,24,29| 5
1567 08/03/05| 1,3,16,20,21,26| 5
1566 05/03/05| 2,6,7,17,24,28| 10
1565 01/03/05| 5,9,10,29,30,34| 7
1564 26/02/05| 16,22,26,31,33,34| 1
1563 22/02/05| 5,9,12,17,25,30| 10
1562 19/02/05| 8,20,24,25,31,34| 3
1561 15/02/05| 5,8,9,21,23,33| 1
1560 12/02/05| 4,7,23,25,27,31| 6
1559 08/02/05| 7,9,16,18,21,26| 5
1558 05/02/05| 3,4,13,17,21,30| 2
1557 01/02/05| 1,11,13,18,25,30| 10
1556 29/01/05| 15,18,29,31,33,34| 2
1555 25/01/05| 8,13,21,24,29,31| 3
1554 22/01/05| 2,6,12,14,16,33| 5
1553 18/01/05| 11,16,19,24,25,29| 3
1552 15/01/05| 2,14,15,17,22,30| 10
1551 11/01/05| 8,13,17,20,27,34| 8
1550 08/01/05| 9,20,21,26,30,31| 5
1549 04/01/05| 3,11,23,26,31,33| 7
1548 31/12/04| 2,3,14,25,28,29| 6
1547 28/12/04| 11,12,16,22,23,29| 1
1546 25/12/04| 9,15,23,27,31,34| 7
1545 21/12/04| 1,2,9,17,25,26| 4
1544 18/12/04| 2,4,9,20,25,28| 5
1543 14/12/04| 1,3,18,21,23,32| 5
1542 11/12/04| 2,9,11,15,16,19| 4
1541 07/12/04| 6,10,19,21,25,26| 7
1540 04/12/04| 10,11,12,14,18,21| 1
1539 30/11/04| 3,8,9,14,20,24| 4
1538 27/11/04| 8,9,19,21,26,31| 7
1537 23/11/04| 3,12,13,18,28,29| 4
1536 20/11/04| 1,5,15,26,32,34| 8
1535 16/11/04| 3,13,14,17,23,24| 3
1534 13/11/04| 3,4,12,13,17,19| 10
1533 09/11/04| 3,4,13,22,24,28| 4
1532 06/11/04| 2,10,12,13,20,27| 5
1531 02/11/04| 2,4,6,10,11,17| 10
1530 30/10/04| 7,10,14,18,22,32| 2
1529 26/10/04| 7,8,11,12,13,22| 8
1528 23/10/04| 3,6,7,18,24,25| 2
1527 19/10/04| 2,4,17,18,21,34| 1
1526 16/10/04| 6,9,19,21,30,33| 3
1525 12/10/04| 8,15,20,24,29,33| 10
1524 09/10/04| 1,5,8,10,18,23| 9
1523 05/10/04| 8,9,17,19,26,27| 4
1522 02/10/04| 1,2,4,10,11,13| 10
1521 28/09/04| 2,3,12,17,24,33| 2
1520 25/09/04| 3,4,6,7,14,20| 6
1519 21/09/04| 9,17,20,28,30,34| 2
1518 19/09/04| 2,8,9,15,27,33| 7
1517 14/09/04| 2,7,19,21,24,28| 2
1516 11/09/04| 2,8,16,22,23,34| 10
1515 07/09/04| 1,5,9,15,21,32| 8
1514 04/09/04| 10,13,19,31,32,33| 2
1513 31/08/04| 5,11,15,16,19,27| 9
1512 28/08/04| 5,6,11,15,29,33| 10
1511 24/08/04| 7,16,20,23,27,33| 10
1510 21/08/04| 1,9,10,27,32,34| 5
1509 17/08/04| 7,10,19,30,33,34| 7
1508 14/08/04| 2,9,11,19,22,23| 7
1507 10/08/04| 2,3,14,28,30,34| 10
1506 07/08/04| 19,24,27,29,32,33| 10
1505 03/08/04| 9,13,16,24,33,34| 3
1504 31/07/04| 1,4,9,22,24,26| 3
1503 27/07/04| 2,4,8,11,23,24| 5
1502 24/07/04| 9,12,18,22,31,33| 5
1501 20/07/04| 2,4,9,10,24,26| 2
1500 17/07/04| 1,4,12,17,18,30| 7
1499 13/07/04| 1,11,13,15,20,21| 2
1498 10/07/04| 7,19,27,29,30,33| 9
1497 06/07/04| 6,13,15,18,22,27| 5
1496 03/07/04| 1,6,11,15,19,26| 9
1495 29/06/04| 7,8,9,10,23,27| 9
1494 26/06/04| 10,17,25,26,27,30| 3
1493 22/06/04| 14,22,25,28,30,34| 4
1492 19/06/04| 6,8,15,25,26,28| 7
1491 15/06/04| 5,14,15,16,17,20| 6
1490 12/06/04| 5,9,12,24,27,30| 9
1489 08/06/04| 2,6,8,16,17,19| 7
1488 05/06/04| 10,12,16,22,28,32| 6
1487 01/06/04| 2,5,11,23,24,25| 7
1486 29/05/04| 5,7,21,22,28,33| 1
1485 26/05/04| 16,19,20,22,28,31| 2
1484 22/05/04| 6,14,18,19,27,33| 5
1483 18/05/04| 5,7,9,11,24,34| 9
1482 15/05/04| 3,14,18,24,31,34| 3
1481 11/05/04| 8,14,21,23,27,29| 9
1480 08/05/04| 8,14,19,27,28,34| 2
1479 04/05/04| 6,9,14,20,28,32| 4
1478 01/05/04| 2,4,11,20,24,25| 9
1477 28/04/04| 9,11,17,19,22,27| 8
1476 24/04/04| 2,5,19,24,30,34| 6
1475 20/04/04| 10,11,13,14,17,21| 8
1474 17/04/04| 2,19,27,29,31,32| 4
1473 13/04/04| 10,11,13,15,30,32| 8
1472 10/04/04| 2,21,22,24,25,26| 6
1471 07/04/04| 11,15,18,20,22,28| 5
1470 03/04/04| 1,7,9,16,26,33| 7
1469 30/03/04| 4,7,20,21,26,32| 4
1468 27/03/04| 4,6,8,19,29,31| 9
1467 23/03/04| 2,9,13,15,16,18| 2
1466 20/03/04| 3,6,8,13,14,32| 7
1465 16/03/04| 6,7,10,12,29,32| 3
1464 12/03/04| 3,4,7,14,27,29| 2
1463 09/03/04| 12,20,24,30,35,40| 6
1462 05/03/04| 7,20,21,30,39,44| 40
1461 02/03/04| 20,21,33,37,39,40| 32
1460 27/02/04| 3,9,10,40,41,42| 35
1459 24/02/04| 4,17,19,31,36,43| 37
1458 20/02/04| 5,6,9,27,33,40| 29
1457 17/02/04| 7,14,20,34,38,40| 35
1456 13/02/04| 8,18,20,36,37,40| 24
1455 10/02/04| 1,8,18,31,33,37| 6
1454 06/02/04| 9,16,18,38,40,41| 15
1453 03/02/04| 6,7,32,35,43,45| 3
1452 30/01/04| 4,14,19,20,26,40| 31
1451 27/01/04| 10,12,28,36,39,40| 43
1450 23/01/04| 3,4,9,15,23,24| 6
1449 20/01/04| 1,20,22,24,37,44| 28
1448 16/01/04| 18,20,35,37,40,45| 10
1447 13/01/04| 9,16,21,26,28,38| 25
1446 09/01/04| 4,12,13,34,38,44| 24
1445 06/01/04| 12,14,26,32,39,41| 19
1444 03/01/04| 8,20,22,25,31,35| 45
1443 30/12/03| 17,35,38,39,42,44| 13
1442 27/12/03| 10,11,21,22,36,44| 14
1441 25/12/03| 11,20,24,30,42,43| 14
1440 23/12/03| 1,16,17,18,20,30| 45
1439 20/12/03| 11,12,20,26,29,44| 6
1438 16/12/03| 1,10,25,28,32,38| 13
1437 09/12/03| 4,9,15,20,32,39| 11
1436 06/12/03| 9,12,13,18,21,42| 25
1435 02/12/03| 8,12,13,38,39,43| 22
1434 29/11/03| 2,20,21,27,30,39| 37
1433 25/11/03| 9,25,30,31,37,45| 18
1432 22/11/03| 3,17,20,28,33,35| 22
1431 18/11/03| 6,7,15,23,35,38| 28
1430 15/11/03| 4,7,21,28,33,40| 19
1429 11/11/03| 1,13,15,23,27,41| 7
1428 08/11/03| 19,20,23,28,29,43| 38
1427 04/11/03| 3,16,23,24,26,27| 21
1426 01/11/03| 6,12,14,21,26,38| 24
1425 28/10/03| 6,7,17,21,26,38| 3
1424 25/10/03| 4,7,21,23,26,36| 40
1423 21/10/03| 1,5,17,28,40,43| 23
1422 18/10/03| 9,16,18,20,22,39| 43
1421 14/10/03| 15,24,25,26,33,37| 32
1420 11/10/03| 1,11,16,28,29,31| 41
1419 07/10/03| 2,11,33,34,43,45| 7
1418 04/10/03| 3,8,11,21,26,38| 36
1417 30/09/03| 16,19,24,30,32,39| 15
1416 28/09/03| 10,17,24,32,38,41| 6
1415 23/09/03| 7,8,9,20,28,40| 14
1414 20/09/03| 2,13,18,19,27,43| 25
1413 16/09/03| 1,7,10,18,25,35| 39
1412 13/09/03| 1,9,25,29,34,38| 2
1411 09/09/03| 4,5,6,12,31,45| 27
1410 06/09/03| 5,12,21,36,37,38| 33
1409 02/09/03| 5,8,11,26,32,36| 13
1408 30/08/03| 9,10,17,28,30,41| 34
1407 26/08/03| 2,6,8,9,10,17| 36
1406 23/08/03| 3,7,11,16,19,26| 23
1405 19/08/03| 12,15,26,38,43,44| 36
1404 16/08/03| 3,18,24,27,28,37| 12
1403 12/08/03| 1,2,3,18,29,33| 27
1402 09/08/03| 8,9,16,23,27,32| 30
1401 05/08/03| 1,10,14,15,30,35| 27
1400 02/08/03| 2,3,16,20,37,45| 43
1399 29/07/03| 2,8,38,40,43,44| 31
1398 26/07/03| 6,15,18,34,42,45| 32
1397 22/07/03| 1,3,12,19,22,26| 17
1396 19/07/03| 3,8,11,18,29,40| 37
1395 15/07/03| 4,14,33,35,40,42| 11
1394 12/07/03| 12,13,21,22,28,32| 44
1393 08/07/03| 1,5,7,11,24,41| 9
1392 05/07/03| 10,11,18,26,35,36| 33
1391 01/07/03| 14,22,27,37,42,45| 9
1390 28/06/03| 7,12,15,35,40,41| 39
1389 24/06/03| 10,13,29,32,35,44| 21
1388 21/06/03| 7,11,20,28,35,36| 39
1387 17/06/03| 18,26,31,35,41,42| 22
1386 14/06/03| 1,5,26,31,36,43| 13
1385 10/06/03| 6,9,15,29,34,40| 22
1384 07/06/03| 5,18,21,28,39,40| 26
1383 03/06/03| 2,11,16,23,29,36| 41
1382 31/05/03| 6,12,13,28,35,45| 22
1381 27/05/03| 19,20,27,38,39,41| 28
1380 24/05/03| 1,4,14,20,33,43| 37
1379 20/05/03| 10,12,21,26,32,41| 45
1378 17/05/03| 14,21,25,32,34,37| 2
1377 13/05/03| 8,19,25,30,33,42| 44
1376 10/05/03| 2,11,14,20,28,44| 12
1375 07/05/03| 1,2,3,11,16,20| 18
1374 03/05/03| 7,10,17,18,35,40| 22
1373 29/04/03| 1,4,11,39,40,41| 22
1372 26/04/03| 2,5,9,15,23,42| 18
1371 23/04/03| 5,12,13,29,31,37| 11
1370 19/04/03| 18,21,26,33,40,42| 37
1369 15/04/03| 14,16,23,34,37,40| 18
1368 12/04/03| 13,16,20,23,30,42| 29
1367 08/04/03| 8,19,26,39,41,44| 30
1366 05/04/03| 5,7,13,19,31,35| 23
1365 01/04/03| 15,20,23,25,27,28| 14
1364 29/03/03| 4,5,8,28,40,43| 34
1363 25/03/03| 1,2,9,12,26,45| 8
1362 22/03/03| 5,6,7,15,22,30| 2
1361 18/03/03| 1,11,19,28,35,43| 13
1360 15/03/03| 15,18,25,27,29,40| 2
1359 11/03/03| 15,18,24,34,35,45| 29
1358 08/03/03| 4,5,19,24,27,40| 28
1357 04/03/03| 2,5,18,30,40,43| 44
1356 01/03/03| 2,5,10,26,32,39| 40
1355 25/02/03| 15,16,17,36,38,41| 22
1354 22/02/03| 8,15,21,27,36,37| 44
1353 18/02/03| 3,17,19,30,37,41| 14
1352 15/02/03| 4,7,18,21,30,44| 5
1351 11/02/03| 25,30,32,34,37,40| 39
1350 08/02/03| 7,9,23,36,38,41| 33
1349 04/02/03| 14,20,25,27,35,36| 37
1348 01/02/03| 6,24,25,27,28,45| 42
1347 28/01/03| 11,17,24,29,32,36| 3
1346 25/01/03| 6,9,18,23,30,42| 26
1345 21/01/03| 14,15,23,24,35,36| 12
1344 18/01/03| 7,9,15,23,41,43| 14
1343 14/01/03| 1,2,18,23,24,36| 43
1342 11/01/03| 11,16,17,20,35,45| 31
1341 07/01/03| 5,6,12,29,38,45| 44
1340 04/01/03| 8,17,18,22,31,45| 15
1339 31/12/02| 2,5,8,24,34,40| 44
1338 28/12/02| 1,2,5,21,32,41| 19
1337 24/12/02| 3,13,17,39,43,45| 2
1336 21/12/02| 15,23,26,29,37,44| 36
1335 17/12/02| 2,7,23,24,31,37| 27
1334 14/12/02| 5,9,10,16,24,26| 42
1333 10/12/02| 4,10,26,31,32,45| 41
1332 07/12/02| 11,16,19,24,31,44| 25
1331 03/12/02| 7,8,12,17,31,36| 13
1330 30/11/02| 8,14,22,28,30,39| 11
1329 26/11/02| 7,14,15,17,27,43| 45
1328 23/11/02| 8,17,20,25,28,45| 18
1327 19/11/02| 6,14,24,28,30,35| 39
1326 16/11/02| 14,18,28,30,38,39| 42
1325 12/11/02| 11,19,34,35,37,40| 2
1324 09/11/02| 8,10,25,28,31,36| 44
1323 05/11/02| 3,18,20,25,31,35| 42
1322 02/11/02| 3,13,18,20,21,33| 2
1321 29/10/02| 7,13,17,22,43,45| 35
1320 26/10/02| 2,5,10,11,17,35| 3
1319 22/10/02| 1,13,17,20,37,43| 33
1318 19/10/02| 2,7,11,17,25,28| 29
1317 15/10/02| 6,11,17,19,24,36| 38
1316 12/10/02| 10,13,22,24,35,37| 1
1315 08/10/02| 1,18,34,35,41,42| 2
1314 05/10/02| 5,10,22,32,34,37| 27
1313 01/10/02| 5,9,14,24,30,43| 7
1312 28/09/02| 8,11,16,21,34,36| 17
1311 24/09/02| 20,21,24,28,30,35| 45
1310 21/09/02| 4,6,8,19,36,42| 2
1309 17/09/02| 12,14,20,22,31,40| 19
1308 14/09/02| 1,2,7,26,27,32| 12
1307 10/09/02| 6,8,17,22,31,39| 15
1306 08/09/02| 12,21,23,26,44,45| 11
1305 03/09/02| 8,17,19,29,36,37| 26
1304 31/08/02| 2,9,10,12,18,24| 41
1303 27/08/02| 12,25,26,28,30,44| 41
1302 24/08/02| 11,14,18,23,30,39| 1
1301 20/08/02| 6,8,26,27,32,33| 23
1300 17/08/02| 6,7,9,19,25,30| 27
1299 13/08/02| 4,10,18,31,35,40| 19
1298 10/08/02| 4,8,15,23,31,32| 5
1297 06/08/02| 2,5,9,12,21,27| 20
1296 03/08/02| 6,17,29,32,33,38| 25
1295 30/07/02| 7,9,10,21,22,39| 32
1294 27/07/02| 4,9,12,16,20,24| 14
1293 23/07/02| 7,11,16,25,31,38| 32
1292 20/07/02| 1,17,25,35,38,45| 26
1291 16/07/02| 8,14,17,24,35,41| 25
1290 13/07/02| 6,11,14,16,19,33| 21
1289 09/07/02| 12,14,24,25,34,40| 16
1288 06/07/02| 3,7,10,24,35,43| 20
1287 02/07/02| 5,13,19,21,25,32| 4
1286 29/06/02| 1,11,16,35,38,44| 33
1285 25/06/02| 10,21,28,30,31,35| 19
1284 22/06/02| 12,20,31,38,39,43| 7
1283 18/06/02| 13,17,23,36,37,42| 45
1282 15/06/02| 21,23,31,33,37,43| 30
1281 11/06/02| 6,11,13,23,28,44| 38
1280 08/06/02| 20,22,24,30,32,43| 31
1279 04/06/02| 7,12,17,21,33,40| 45
1278 01/06/02| 2,21,32,38,44,45| 25
1277 28/05/02| 4,6,19,26,29,38| 34
1276 25/05/02| 16,20,21,27,33,38| 2
1275 21/05/02| 6,11,12,22,23,27| 35
1274 18/05/02| 4,5,27,37,42,43| 38
1273 14/05/02| 2,9,12,19,22,32| 14
1272 11/05/02| 9,13,17,22,35,44| 16
1271 07/05/02| 5,26,30,33,34,37| 27
1270 04/05/02| 7,15,17,18,22,28| 4
1269 30/04/02| 5,8,11,20,22,27| 25
1268 27/04/02| 5,11,17,39,40,43| 21
1267 23/04/02| 9,14,26,31,41,43| 29
1266 20/04/02| 1,3,7,14,15,44| 31
1265 17/04/02| 5,6,11,26,34,35| 44
1264 13/04/02| 1,8,17,24,27,42| 13
1263 09/04/02| 1,7,26,35,40,44| 21
1262 06/04/02| 10,37,38,40,43,45| 39
1261 03/04/02| 5,10,21,25,27,34| 23
1260 30/03/02| 4,12,19,27,40,43| 30
1259 26/03/02| 7,8,10,11,18,36| 21
1258 23/03/02| 2,5,10,15,26,42| 7
1257 19/03/02| 4,12,13,18,38,45| 30
1256 16/03/02| 8,18,22,31,39,45| 23
1255 12/03/02| 3,5,27,35,43,44| 23
1254 09/03/02| 1,10,14,16,26,37| 33
1253 05/03/02| 13,18,22,27,29,33| 25
1252 02/03/02| 8,11,23,36,43,44| 33
1251 26/02/02| 1,5,11,20,33,43| 23
1250 23/02/02| 2,6,14,25,30,31| 38
1249 19/02/02| 1,14,16,20,28,45| 19
1248 16/02/02| 2,8,14,22,40,41| 17
1247 12/02/02| 4,11,13,20,43,45| 42
1246 09/02/02| 6,7,18,20,25,27| 29
1245 05/02/02| 5,8,18,21,29,37| 16
1244 02/02/02| 2,8,9,20,28,33| 44
1243 29/01/02| 8,19,28,35,42,43| 30
1242 26/01/02| 9,16,21,23,26,44| 8
1241 22/01/02| 1,5,16,39,42,45| 44
1240 19/01/02| 6,10,13,19,21,39| 27
1239 15/01/02| 3,4,9,20,31,45| 21
1238 12/01/02| 5,22,24,34,40,42| 36
1237 08/01/02| 2,4,13,16,17,19| 38
1236 05/01/02| 1,9,15,18,27,34| 10
1235 01/01/02| 8,10,21,26,41,43| 25
1234 29/12/01| 2,17,26,30,33,41| 31
1233 25/12/01| 1,14,33,35,37,44| 18
1232 22/12/01| 1,6,9,18,27,28| 15
1231 18/12/01| 1,15,25,33,35,38| 13
1230 15/12/01| 11,15,23,29,31,37| 26
1229 11/12/01| 8,15,19,20,27,33| 23
1228 08/12/01| 2,10,17,19,34,39| 14
1227 04/12/01| 1,3,7,13,16,24| 29
1226 01/12/01| 8,19,20,23,36,37| 11
1225 27/11/01| 1,3,7,18,40,43| 33
1224 24/11/01| 1,13,22,32,42,43| 9
1223 20/11/01| 6,9,12,15,23,42| 32
1222 17/11/01| 4,7,16,17,38,40| 22
1221 13/11/01| 2,4,15,19,29,42| 23
1220 10/11/01| 3,8,12,22,31,42| 44
1219 06/11/01| 2,11,29,34,36,40| 38
1218 03/11/01| 7,9,15,16,28,34| 1
1217 30/10/01| 3,16,24,27,31,33| 23
1216 27/10/01| 14,16,21,22,29,38| 6
1215 23/10/01| 9,12,30,31,37,44| 24
1214 20/10/01| 1,4,5,12,34,42| 17
1213 16/10/01| 2,21,23,25,30,40| 27
1212 13/10/01| 12,33,36,39,40,42| 34
1211 09/10/01| 19,26,35,37,41,42| 10
1210 06/10/01| 8,15,16,19,37,45| 26
1209 02/10/01| 5,12,26,28,34,39| 16
1208 29/09/01| 1,9,12,18,19,20| 17
1207 25/09/01| 8,14,25,36,37,44| 16
1206 22/09/01| 2,22,23,29,35,44| 27
1205 19/09/01| 1,4,16,28,33,38| 2
1204 15/09/01| 2,7,13,22,34,38| 16
1203 11/09/01| 1,11,15,29,38,43| 30
1202 08/09/01| 3,9,14,15,17,42| 24
1201 04/09/01| 4,5,7,13,15,31| 34
1200 01/09/01| 7,10,12,19,21,28| 6
1199 28/08/01| 2,17,24,30,31,45| 41
1198 25/08/01| 21,25,26,31,37,44| 38
1197 21/08/01| 7,23,29,33,36,45| 31
1196 18/08/01| 7,21,30,33,34,45| 40
1195 14/08/01| 6,10,13,17,18,32| 35
1194 11/08/01| 9,11,25,37,41,43| 38
1193 07/08/01| 4,5,8,27,36,40| 35
1192 04/08/01| 1,3,29,34,40,42| 7
1191 31/07/01| 6,14,15,17,20,37| 23
1190 27/07/01| 4,6,20,30,33,41| 14
1189 24/07/01| 4,9,11,21,33,44| 5
1188 21/07/01| 2,9,12,19,20,25| 45
1187 17/07/01| 2,7,17,23,25,42| 33
1186 14/07/01| 2,7,8,19,26,41| 12
1185 10/07/01| 2,4,5,13,26,32| 33
1184 07/07/01| 18,21,26,30,42,44| 15
1183 03/07/01| 8,16,17,26,27,43| 1
1182 30/06/01| 1,5,7,11,37,45| 23
1181 26/06/01| 20,24,30,31,37,41| 35
1180 23/06/01| 2,21,22,33,39,44| 25
1179 19/06/01| 10,19,22,24,38,42| 11
1178 16/06/01| 5,8,9,22,24,41| 7
1177 12/06/01| 4,14,24,31,38,39| 17
1176 09/06/01| 8,9,13,27,31,41| 11
1175 05/06/01| 2,11,12,16,40,44| 3
1174 02/06/01| 3,19,26,27,29,40| 35
1173 29/05/01| 4,10,13,29,32,43| 44
1172 26/05/01| 3,6,11,19,33,43| 8
1171 22/05/01| 6,9,12,23,33,45| 41
1170 19/05/01| 12,21,27,30,37,44| 7
1169 15/05/01| 12,19,23,29,31,39| 34
1168 12/05/01| 4,7,13,18,32,40| 28
1167 08/05/01| 22,31,34,35,41,44| 6
1166 05/05/01| 2,4,6,14,21,43| 36
1165 01/05/01| 9,11,16,18,31,36| 42
1164 28/04/01| 6,7,12,17,20,37| 26
1163 24/04/01| 13,19,25,32,40,42| 9
1162 21/04/01| 4,7,13,15,35,45| 8
1161 17/04/01| 21,24,27,36,44,45| 2
1160 14/04/01| 6,13,15,32,44,45| 35
1159 10/04/01| 17,18,26,33,37,42| 1
1158 06/04/01| 12,19,22,29,30,41| 14
1157 03/04/01| 6,22,27,37,42,43| 34
1156 31/03/01| 4,21,25,30,31,34| 2
1155 27/03/01| 4,8,12,22,24,45| 42
1154 24/03/01| 3,6,22,24,28,38| 40
1153 20/03/01| 7,16,25,26,29,42| 37
1152 17/03/01| 4,8,10,16,39,40| 12
1151 13/03/01| 3,4,15,21,23,40| 39
1150 10/03/01| 2,10,18,25,33,36| 41
1149 06/03/01| 4,10,25,28,31,41| 24
1148 03/03/01| 1,13,18,19,39,43| 6
1147 27/02/01| 3,11,18,28,32,36| 40
1146 24/02/01| 5,7,30,35,40,44| 33
1145 20/02/01| 20,35,36,40,43,45| 15
1144 17/02/01| 1,10,11,39,43,44| 25
1143 13/02/01| 3,9,11,17,22,24| 16
1142 10/02/01| 11,16,18,26,30,39| 22
1141 06/02/01| 22,23,27,30,36,44| 21
1140 03/02/01| 4,7,11,24,26,38| 6
1139 30/01/01| 5,10,20,23,24,45| 33
1138 27/01/01| 12,23,25,29,37,40| 19
1137 23/01/01| 2,12,16,22,27,32| 7
1136 20/01/01| 2,4,22,23,32,34| 21
1135 16/01/01| 8,17,28,32,35,39| 5
1134 13/01/01| 14,20,26,31,42,45| 4
1133 09/01/01| 2,5,13,29,30,32| 12
1132 06/01/01| 3,26,29,40,42,45| 16
1131 02/01/01| 21,22,23,28,29,43| 13
1130 30/12/00| 2,8,18,31,33,38| 42
1129 26/12/00| 2,9,10,11,28,36| 27
1128 23/12/00| 1,14,21,22,27,44| 16
1127 19/12/00| 4,9,13,26,34,42| 12
1126 16/12/00| 2,9,14,35,38,41| 5
1125 12/12/00| 4,11,12,23,24,44| 10
1124 09/12/00| 4,12,15,20,24,40| 18
1123 05/12/00| 25,32,38,40,41,45| 9
1122 02/12/00| 5,16,32,35,40,43| 2
1121 28/11/00| 10,13,17,28,34,41| 39
1120 25/11/00| 15,20,22,36,37,44| 38
1119 21/11/00| 2,8,16,25,39,41| 20
1118 18/11/00| 7,9,16,26,32,43| 13
1117 14/11/00| 2,17,26,29,33,34| 37
1116 11/11/00| 5,10,16,27,31,44| 2
1115 07/11/00| 4,8,16,27,35,45| 5
1114 04/11/00| 1,4,15,22,31,39| 7
1113 31/10/00| 2,7,8,13,15,29| 26
1112 28/10/00| 1,3,4,25,29,40| 41
1111 24/10/00| 3,4,7,24,30,40| 28
1110 21/10/00| 9,15,19,22,37,44| 14
1109 17/10/00| 3,8,10,14,21,30| 42
1108 14/10/00| 16,21,25,27,35,36| 32
1107 10/10/00| 12,22,24,33,36,43| 4
1106 07/10/00| 7,9,11,12,28,37| 45
1105 03/10/00| 9,22,26,29,30,41| 16
1104 01/10/00| 2,20,24,35,36,43| 34
1103 26/09/00| 6,8,17,18,39,42| 1
1102 23/09/00| 8,9,24,29,30,32| 4
1101 19/09/00| 2,4,12,36,37,41| 38
1100 16/09/00| 3,5,8,18,29,37| 39
1099 12/09/00| 8,13,19,28,41,43| 27
1098 09/09/00| 1,6,14,22,31,35| 16
1097 05/09/00| 12,15,16,18,33,40| 43
1096 02/09/00| 1,5,6,8,15,16| 11
1095 29/08/00| 2,3,22,23,36,45| 21
1094 26/08/00| 3,14,18,25,31,35| 41
1093 22/08/00| 16,21,22,23,25,28| 31
1092 19/08/00| 2,3,10,25,32,36| 18
1091 15/08/00| 4,12,16,29,32,43| 3
1090 12/08/00| 2,17,18,21,27,41| 19
1089 08/08/00| 12,20,23,33,35,43| 41
1088 05/08/00| 2,6,30,38,39,44| 36
1087 01/08/00| 7,15,22,30,36,44| 35
1086 29/07/00| 8,28,32,33,39,40| 14
1085 25/07/00| 4,11,30,31,34,42| 5
1084 22/07/00| 1,10,18,27,40,43| 36
1083 18/07/00| 5,12,16,19,38,44| 26
1082 15/07/00| 15,22,26,35,37,38| 43
1081 11/07/00| 1,8,9,20,24,42| 21
1080 08/07/00| 6,13,31,32,33,37| 10
1079 04/07/00| 1,20,21,39,44,48| 30
1078 27/06/00| 13,18,19,20,40,42| 32
1077 20/06/00| 20,35,36,37,40,49| 12
1076 13/06/00| 5,10,11,16,25,46| 40
1075 06/06/00| 4,6,16,21,26,33| 43
1074 30/05/00| 5,7,8,17,39,42| 43
1073 23/05/00| 1,5,8,32,34,40| 44
1072 16/05/00| 5,12,15,29,41,49| 13
1071 11/05/00| 12,21,24,27,31,37| 42
1070 03/05/00| 1,4,9,26,35,41| 10
1069 27/04/00| 9,12,24,25,38,40| 18
1068 18/04/00| 4,12,13,24,34,49| 39
1067 11/04/00| 3,4,10,15,17,25| 26
1066 04/04/00| 12,16,29,38,40,45| 24
1065 28/03/00| 1,4,19,27,34,35| 28
1064 21/03/00| 5,21,27,29,43,45| 7
1063 14/03/00| 9,12,25,37,43,44| 48
1062 07/03/00| 2,10,30,31,44,46| 24
1061 29/02/00| 14,20,21,34,42,48| 6
1060 22/02/00| 3,13,14,15,28,29| 19
1059 15/02/00| 11,13,31,38,39,44| 19
1058 08/02/00| 2,11,20,26,44,47| 1
1057 01/02/00| 3,7,10,12,22,23| 29
1056 25/01/00| 7,10,16,26,42,49| 3
1055 18/01/00| 4,11,20,24,30,31| 37
1054 11/01/00| 1,4,14,22,34,37| 21
1053 04/01/00| 27,29,32,37,43,45| 30
1052 28/12/99| 2,9,10,16,37,48| 40
1051 21/12/99| 11,13,17,21,26,35| 48
1050 14/12/99| 14,17,24,34,40,46| 32
1049 07/12/99| 1,3,11,14,23,33| 8
1048 30/11/99| 7,8,16,36,45,46| 25
1047 23/11/99| 1,30,32,34,41,48| 28
1046 16/11/99| 5,9,35,39,40,42| 26
1045 09/11/99| 13,18,26,29,37,48| 42
1044 02/11/99| 13,14,23,27,37,44| 46
1043 26/10/99| 2,7,10,19,44,47| 39
1042 19/10/99| 25,26,28,46,48,49| 30
1041 12/10/99| 4,12,23,32,43,47| 45
1040 05/10/99| 5,13,44,45,46,48| 6
1039 28/09/99| 15,18,20,22,31,41| 21
1038 21/09/99| 9,21,28,32,38,45| 15
1037 14/09/99| 16,18,24,28,40,44| 3
1036 07/09/99| 5,11,18,25,31,47| 37
1035 31/08/99| 5,19,22,29,46,48| 24
9934 24/08/99| 7,12,20,31,38,43| 34
9933 17/08/99| 7,16,22,33,40,49| 30
9932 10/08/99| 3,10,21,27,34,44| 32
9931 03/08/99| 11,14,16,24,26,35| 10
9930 27/07/99| 6,8,9,16,46,47| 1
9929 20/07/99| 19,33,42,43,48,49| 7
9928 13/07/99| 8,9,12,13,25,45| 47
9927 06/07/99| 5,9,17,21,38,47| 12
9926 29/06/99| 2,7,31,36,48,49| 14
9925 22/06/99| 2,13,14,44,48,49| 42
9924 15/06/99| 16,17,27,28,32,46| 5
9923 08/06/99| 6,7,28,32,44,49| 22
9922 01/06/99| 14,24,29,30,32,38| 3
9921 25/05/99| 1,15,29,30,38,46| 43
9920 18/05/99| 15,26,29,34,40,47| 14
9919 11/05/99| 4,5,7,37,43,44| 13
9918 04/05/99| 7,10,11,25,26,42| 23
9917 27/04/99| 4,17,29,41,43,48| 1
9916 21/04/99| 18,20,21,24,32,35| 19
9915 13/04/99| 1,10,11,20,28,34| 45
9914 07/04/99| 2,8,18,23,24,29| 19
9913 30/03/99| 2,17,22,33,37,38| 21
9912 23/03/99| 11,24,32,38,44,47| 43
9911 16/03/99| 4,7,18,25,33,39| 41
9910 09/03/99| 2,3,18,21,23,47| 14
9909 02/03/99| 2,4,13,21,24,26| 9
9908 23/02/99| 1,16,17,30,35,43| 33
9907 16/02/99| 5,12,16,39,43,48| 34
9906 09/02/99| 6,7,11,24,40,47| 2
9905 02/02/99| 1,5,10,15,26,37| 47
9904 26/01/99| 1,7,33,37,46,48| 45
9903 19/01/99| 7,13,14,34,42,46| 3
9902 12/01/99| 18,19,20,29,32,33| 45
9901 05/01/99| 3,9,12,13,17,32| 37
9851 29/12/98| 3,9,30,35,44,49| 8
9850 22/12/98| 29,35,42,44,47,49| 31
9849 15/12/98| 3,6,28,32,34,40| 8
9848 08/12/98| 8,9,13,22,35,49| 19
9847 01/12/98| 14,17,24,28,38,44| 41
9846 24/11/98| 2,8,18,22,38,39| 5
9845 17/11/98| 12,20,21,28,29,49| 13
9844 10/11/98| 10,17,19,34,45,48| 7
9843 04/11/98| 8,12,14,32,39,46| 2
9842 27/10/98| 7,12,16,23,35,37| 43
9841 20/10/98| 10,21,25,26,31,44| 37
9840 14/10/98| 11,20,32,34,44,47| 39
9839 07/10/98| 2,22,29,32,37,44| 20
9838 24/09/98| 1,6,21,35,39,40| 4
9837 15/09/98| 6,16,23,33,39,42| 43
9836 08/09/98| 3,20,25,29,40,42| 27
9835 01/09/98| 1,4,9,12,24,26| 36
9834 25/08/98| 1,8,23,33,42,47| 5
9833 18/08/98| 8,13,22,31,39,44| 18
9832 11/08/98| 4,5,14,26,34,41| 16
9831 04/08/98| 5,20,28,32,33,36| 49
9830 28/07/98| 8,10,12,23,27,31| 18
9829 21/07/98| 3,17,25,27,33,49| 29
9828 14/07/98| 3,8,11,15,36,39| 17
9827 07/07/98| 8,10,22,36,42,45| 29
9826 30/06/98| 1,11,29,30,38,48| 9
9825 23/06/98| 3,10,12,14,33,42| 31
9824 16/06/98| 13,15,20,23,46,49| 17
9823 09/06/98| 1,24,28,31,33,34| 6
9822 02/06/98| 5,6,26,30,31,43| 9
9821 26/05/98| 11,12,13,20,26,28| 43
9820 19/05/98| 9,13,14,16,35,39| 1
9819 12/05/98| 1,9,18,23,39,46| 27
9818 05/05/98| 2,20,24,31,36,42| 19
9817 27/04/98| 6,12,15,25,32,46| 10
9816 21/04/98| 4,11,23,24,25,40| 20
9815 14/04/98| 23,24,38,39,40,49| 12
9814 07/04/98| 7,12,27,28,30,45| 34
9813 02/04/98| 12,16,18,19,20,22| 40
9812 24/03/98| 2,13,16,25,28,30| 44
9811 17/03/98| 1,16,24,29,30,32| 12
9810 10/03/98| 11,23,24,32,38,46| 20
9809 03/03/98| 1,6,19,20,33,45| 37
9808 24/02/98| 6,9,14,20,23,32| 49
9807 17/02/98| 3,13,30,35,38,39| 23
9806 10/02/98| 6,25,27,44,45,49| 19
9805 03/02/98| 17,19,25,30,36,39| 20
9804 27/01/98| 13,26,28,29,31,44| 24
9803 20/01/98| 10,11,15,21,27,43| 30
9802 13/01/98| 6,7,10,13,16,44| 47
9801 06/01/98| 10,16,20,24,27,43| 6
9752 30/12/97| 11,15,17,31,38,46| 33
9751 23/12/97| 13,15,16,31,48,49| 46
9750 16/12/97| 12,16,23,32,34,49| 5
9749 09/12/97| 9,11,26,35,37,46| 15
9748 02/12/97| 2,8,17,25,30,35| 11
9747 25/11/97| 7,14,33,36,40,41| 47
9746 18/11/97| 13,19,23,25,27,37| 15
9745 13/11/97| 11,19,22,26,43,46| 1
9744 04/11/97| 1,4,16,17,32,45| 20
9743 28/10/97| 9,10,11,20,32,35| 34
9742 21/10/97| 11,15,33,35,38,39| 26
9741 14/10/97| 4,6,9,41,43,48| 16
9740 09/10/97| 6,7,31,32,34,44| 40
9739 30/09/97| 4,9,11,13,45,46| 33
9738 23/09/97| 9,11,21,35,36,49| 16
9737 16/09/97| 21,22,29,31,34,43| 13
9736 09/09/97| 11,19,24,27,42,48| 8
9735 02/09/97| 3,19,20,37,45,49| 15
9734 26/08/97| 2,7,26,36,37,38| 12
9733 19/08/97| 22,23,27,37,38,44| 32
9732 13/08/97| 1,12,19,25,30,49| 31
9731 05/08/97| 1,9,24,28,42,48| 5
9730 31/07/97| 8,21,31,36,40,47| 41
9729 22/07/97| 3,10,15,18,31,48| 27
9728 15/07/97| 7,30,37,44,47,48| 34
9727 08/07/97| 1,7,16,21,22,49| 48
9726 01/07/97| 13,25,27,29,39,49| 10
9725 24/06/97| 4,11,14,23,25,40| 42
9724 17/06/97| 1,19,21,25,28,37| 11
9723 12/06/97| 10,13,18,20,36,46| 34
9722 03/06/97| 6,22,26,29,33,37| 11
9721 27/05/97| 7,22,23,35,41,47| 45
9720 20/05/97| 3,7,16,25,38,39| 14
9719 13/05/97| 7,9,17,19,23,38| 18
9718 06/05/97| 4,8,14,18,38,48| 5
9717 01/05/97| 13,20,26,36,37,42| 12
9716 24/04/97| 4,5,11,16,23,31| 14
9715 15/04/97| 11,12,13,18,26,30| 24
9714 08/04/97| 2,8,21,27,35,42| 13
9713 01/04/97| 12,17,25,34,35,48| 41
9712 25/03/97| 4,14,24,27,35,38| 19
9711 18/03/97| 3,8,11,37,39,47| 43
9710 11/03/97| 2,12,17,22,39,45| 43
9709 04/03/97| 6,13,17,35,45,49| 37
9708 25/02/97| 5,8,19,21,24,27| 3
9707 18/02/97| 3,5,9,20,23,25| 32
9706 11/02/97| 1,3,5,7,46,48| 34
9705 04/02/97| 12,14,19,28,30,40| 1
9704 28/01/97| 3,8,30,32,48,49| 21
9703 21/01/97| 4,8,19,30,44,47| 10
9702 14/01/97| 7,8,14,19,33,44| 36
9701 07/01/97| 3,6,21,29,31,42| 8
9653 31/12/96| 1,21,32,35,36,43| 11
9652 24/12/96| 8,10,25,34,43,49| 35
9651 17/12/96| 6,14,19,33,43,44| 3
9650 10/12/96| 3,8,10,20,36,49| 32
9649 03/12/96| 4,14,16,21,23,31| 5
9648 26/11/96| 6,8,12,16,20,43| 21
9647 19/11/96| 14,18,25,28,29,46| 36
9646 12/11/96| 1,5,17,24,31,34| 49
9645 05/11/96| 4,16,17,19,22,38| 2
9644 29/10/96| 8,9,20,26,29,43| 36
9643 22/10/96| 1,3,4,19,22,32| 9
9642 15/10/96| 7,10,23,26,27,31| 48
9641 08/10/96| 11,13,26,33,36,41| 32
9640 01/10/96| 9,13,29,32,39,42| 37
9639 26/09/96| 28,36,37,43,45,49| 10
9638 19/09/96| 2,8,21,32,33,45| 28
9637 10/09/96| 11,21,23,27,35,41| 15
9636 03/09/96| 4,24,33,39,44,47| 36
9635 27/08/96| 6,14,19,27,35,45| 39
9634 20/08/96| 3,13,15,27,33,44| 48
9633 13/08/96| 7,21,23,27,44,46| 17
9632 06/08/96| 9,12,19,23,44,46| 42
9631 30/07/96| 2,17,19,20,24,30| 36
9630 23/07/96| 6,8,9,18,42,48| 25
9629 16/07/96| 6,13,22,38,40,43| 8
9628 09/07/96| 2,7,10,13,20,24| 28
9627 02/07/96| 1,9,24,28,29,34| 11
9626 25/06/96| 3,4,7,29,34,36| 48
9625 18/06/96| 5,22,25,35,38,40| 17
9624 11/06/96| 22,28,34,38,43,49| 35
9623 04/06/96| 6,9,11,18,26,30| 10
9622 28/05/96| 1,22,24,32,38,46| 37
9621 21/05/96| 12,13,24,32,40,44| 10
9620 14/05/96| 12,14,21,29,38,49| 4
9619 07/05/96| 6,20,31,32,34,40| 39
9618 30/04/96| 5,11,15,37,39,46| 26
9617 25/04/96| 4,7,12,18,21,45| 46
9616 18/04/96| 9,20,22,25,43,45| 27
9615 11/04/96| 9,14,16,17,34,42| 21
9614 02/04/96| 6,12,14,15,25,38| 44
9613 26/03/96| 17,19,20,30,36,47| 28
9612 19/03/96| 1,6,17,29,30,35| 4
9611 12/03/96| 3,14,22,40,43,47| 17
9610 05/03/96| 10,12,18,20,39,45| 28
9609 27/02/96| 2,8,10,32,35,40| 38
9608 20/02/96| 4,8,18,35,38,47| 13
9607 13/02/96| 4,6,16,32,35,39| 43
9606 06/02/96| 4,21,26,34,35,43| 44
9605 30/01/96| 3,11,20,26,36,38| 31
9604 23/01/96| 9,15,28,35,44,46| 10
9603 16/01/96| 3,17,22,30,39,42| 4
9602 09/01/96| 11,17,27,28,32,48| 24
9601 02/01/96| 6,15,24,29,31,35| 4
9552 26/12/95| 5,8,10,13,24,44| 49
9551 19/12/95| 2,7,29,40,41,48| 35
9550 12/12/95| 2,13,21,42,43,49| 34
9549 05/12/95| 6,16,27,30,34,43| 39
9548 28/11/95| 20,25,32,39,41,49| 42
9547 21/11/95| 13,20,27,28,38,39| 44
9546 14/11/95| 27,28,43,44,47,48| 6
9545 07/11/95| 1,7,14,21,30,31| 42
9544 31/10/95| 3,4,9,12,33,43| 23
9543 24/10/95| 6,13,32,34,35,36| 29
9542 19/10/95| 3,18,23,26,45,48| 29
9541 12/10/95| 1,5,15,25,36,40| 10
9539 28/09/95| 7,9,16,20,29,40| 28
9538 19/09/95| 10,19,21,22,23,25| 46
9537 12/09/95| 7,15,21,34,44,47| 14
9536 05/09/95| 23,24,27,29,39,49| 32
9535 29/08/95| 3,5,25,34,38,42| 4
9534 22/08/95| 8,10,27,32,41,47| 35
9533 15/08/95| 4,13,20,21,33,49| 19
9532 08/08/95| 6,22,25,30,40,41| 21
9531 01/08/95| 3,6,18,21,26,34| 47
9530 25/07/95| 2,8,9,17,19,26| 33
9529 18/07/95| 9,14,18,19,21,39| 45
9528 11/07/95| 1,3,6,34,41,43| 24
9527 04/07/95| 7,14,23,36,44,49| 4
9526 27/06/95| 9,19,27,32,37,39| 4
9525 20/06/95| 2,4,16,27,43,45| 26
9524 13/06/95| 4,11,22,34,46,48| 15
9523 06/06/95| 3,8,15,28,31,40| 45
9522 30/05/95| 12,24,31,35,43,49| 26
9521 23/05/95| 1,10,11,28,39,47| 6
9520 16/05/95| 5,6,23,24,31,32| 44
9519 09/05/95| 8,25,26,28,35,47| 37
9518 04/05/95| 13,29,34,37,38,47| 4
9517 25/04/95| 1,6,18,30,32,38| 23
9516 18/04/95| 11,19,28,31,35,38| 25
9515 11/04/95| 4,17,23,30,44,45| 14
9514 04/04/95| 21,23,30,32,39,45| 31
9513 28/03/95| 1,5,24,36,37,48| 35
9512 21/03/95| 5,22,25,37,47,49| 45
9511 14/03/95| 5,8,13,20,28,48| 44
9510 07/03/95| 1,11,15,20,26,38| 27
9509 28/02/95| 8,10,15,31,39,46| 20
9508 21/02/95| 1,3,4,15,22,46| 27
9507 14/02/95| 4,8,13,19,27,41| 6
9506 07/02/95| 1,3,4,17,29,31| 18
9505 31/01/95| 6,7,15,17,42,49| 32
9504 24/01/95| 15,18,19,29,47,48| 16
9503 17/01/95| 2,8,11,32,35,39| 27
9502 10/01/95| 2,6,10,22,25,29| 5
9501 03/01/95| 10,12,13,23,42,45| 32
9452 27/12/94| 9,11,17,18,28,38| 15
9451 20/12/94| 1,9,16,22,35,48| 42
9450 13/12/94| 6,11,16,28,48,49| 21
9449 06/12/94| 3,7,11,41,47,48| 22
9448 29/11/94| 12,20,35,39,40,49| 24
9447 22/11/94| 8,14,16,25,28,38| 41
9446 15/11/94| 2,14,16,19,43,47| 46
9445 08/11/94| 6,9,16,44,45,49| 41
9444 01/11/94| 2,25,33,41,44,49| 29
9443 25/10/94| 2,7,9,16,17,35| 23
9442 18/10/94| 1,6,19,23,28,37| 12
9441 11/10/94| 9,14,25,30,45,47| 8
9440 04/10/94| 8,31,36,37,43,44| 24
9439 29/09/94| 8,24,33,35,40,44| 49
9438 22/09/94| 6,11,30,44,47,48| 28
9437 13/09/94| 21,30,36,37,40,48| 31
9436 08/09/94| 5,16,26,31,41,49| 14
9435 30/08/94| 7,31,34,35,43,47| 40
9434 23/08/94| 4,5,8,15,25,26| 18
9433 16/08/94| 4,9,29,32,34,47| 6
9432 09/08/94| 4,12,26,33,37,38| 48
9431 02/08/94| 3,11,13,22,28,40| 38
9430 26/07/94| 9,26,30,33,38,49| 42
9429 19/07/94| 8,16,17,25,30,33| 6
9428 12/07/94| 3,29,34,37,41,47| 23
9427 05/07/94| 8,9,12,29,33,43| 24
9426 28/06/94| 9,10,13,31,34,44| 37
9425 21/06/94| 5,12,27,28,32,36| 19
9424 14/06/94| 5,13,30,34,39,43| 29
9423 07/06/94| 8,16,20,25,29,47| 14
9422 31/05/94| 3,5,8,28,31,49| 20
9421 24/05/94| 19,27,30,35,37,48| 25
9420 17/05/94| 2,3,11,17,38,48| 39
9419 10/05/94| 3,14,17,31,40,44| 49
9418 03/05/94| 4,18,25,33,41,45| 23
9417 26/04/94| 1,2,17,27,35,44| 30
9416 19/04/94| 2,5,14,30,33,39| 6
9415 14/04/94| 4,25,31,33,43,45| 22
9414 05/04/94| 1,11,30,38,42,47| 10
9413 29/03/94| 2,7,11,13,19,20| 28
9412 22/03/94| 4,11,16,21,23,42| 7
9411 15/03/94| 19,23,30,31,39,49| 26
9410 08/03/94| 18,19,25,28,40,42| 21
